step,loss,lr,tok_per_s,eval_ppl,eval_kl,delta,gate_ppl
1,6.808555,5.000000e-07,966.4,,
2,6.503263,1.000000e-06,1734.2,,
3,6.184643,1.500000e-06,2367.0,,
4,6.156365,2.000000e-06,2894.5,,
5,6.307941,2.500000e-06,3342.2,,
6,6.230838,3.000000e-06,3724.9,,
7,5.373436,3.500000e-06,4058.5,,
8,5.643806,4.000000e-06,4339.2,,
9,5.218777,4.500000e-06,4598.0,,
10,5.215249,5.000000e-06,4828.6,,
11,4.534504,5.500000e-06,5035.3,,
12,4.146404,6.000000e-06,5222.1,,
13,3.888181,6.500000e-06,5390.4,,
14,3.921639,7.000000e-06,5535.1,,
15,3.771983,7.500000e-06,5675.1,,
16,3.517605,8.000000e-06,5803.8,,
17,3.559098,8.500000e-06,5922.4,,
18,3.167728,9.000000e-06,6032.1,,
19,3.228516,9.500000e-06,6118.8,,
20,2.860603,1.000000e-05,6213.2,,
21,2.808665,1.050000e-05,6300.3,,
22,2.494558,1.100000e-05,6381.3,,
23,2.658987,1.150000e-05,6457.2,,
24,2.526757,1.200000e-05,6529.2,,
25,2.261348,1.250000e-05,6597.1,,
26,2.021436,1.300000e-05,6652.6,,
27,1.959080,1.350000e-05,6713.8,,
28,1.948206,1.400000e-05,6770.7,,
29,1.749868,1.450000e-05,6824.6,,
30,1.709698,1.500000e-05,6875.8,,
31,1.688131,1.550000e-05,6919.1,,
32,1.786944,1.600000e-05,6965.8,,
33,1.672492,1.650000e-05,7009.4,,
34,1.655892,1.700000e-05,7051.6,,
35,1.540788,1.750000e-05,7091.2,,
36,1.419261,1.800000e-05,7129.5,,
37,1.437267,1.850000e-05,7159.2,,
38,1.377384,1.900000e-05,7194.4,,
39,1.454210,1.950000e-05,7228.0,,
40,1.351582,2.000000e-05,7260.6,,
41,1.487125,2.050000e-05,7291.7,,
42,1.217603,2.100000e-05,7322.1,,
43,1.386751,2.150000e-05,7346.9,,
44,1.267686,2.200000e-05,7375.0,,
45,1.251673,2.250000e-05,7401.9,,
46,1.231282,2.300000e-05,7427.7,,
47,1.242314,2.350000e-05,7452.6,,
48,1.129113,2.400000e-05,7476.8,,
49,1.186864,2.450000e-05,7496.0,,
50,1.151234,2.500000e-05,7518.4,,
51,1.268563,2.550000e-05,7540.4,,
52,1.032195,2.600000e-05,7561.5,,
53,1.066781,2.650000e-05,7581.8,,
54,1.112030,2.700000e-05,7598.0,,
55,1.017885,2.750000e-05,7617.3,,
56,1.096571,2.800000e-05,7635.9,,
57,1.004452,2.850000e-05,7653.6,,
58,0.982075,2.900000e-05,7671.0,,
59,0.958972,2.950000e-05,7687.9,,
60,1.005158,3.000000e-05,7704.5,,
61,1.067908,3.050000e-05,7717.3,,
62,0.934206,3.100000e-05,7732.9,,
63,0.962233,3.150000e-05,7747.7,,
64,1.021236,3.200000e-05,7761.8,,
65,1.046506,3.250000e-05,7776.7,,
66,0.911997,3.300000e-05,7790.6,,
67,0.991081,3.350000e-05,7801.5,,
68,0.972501,3.400000e-05,7814.7,,
69,0.936291,3.450000e-05,7827.4,,
70,0.906464,3.500000e-05,7840.2,,
71,0.912483,3.550000e-05,7852.3,,
72,0.896702,3.600000e-05,7861.2,,
73,0.936854,3.650000e-05,7872.7,,
74,0.941730,3.700000e-05,7884.1,,
75,0.957398,3.750000e-05,7895.2,,
76,0.950199,3.800000e-05,7906.0,,
77,0.901488,3.850000e-05,7916.7,,
78,0.995902,3.900000e-05,7926.9,,
79,0.897015,3.950000e-05,7934.4,,
80,0.932476,4.000000e-05,7944.5,,
81,0.865634,4.050000e-05,7954.1,,
82,0.864895,4.100000e-05,7963.6,,
83,0.885172,4.150000e-05,7972.7,,
84,0.850393,4.200000e-05,7979.2,,
85,0.942255,4.250000e-05,7988.4,,
86,0.861098,4.300000e-05,7997.0,,
87,0.947451,4.350000e-05,8005.5,,
88,0.993470,4.400000e-05,8013.5,,
89,1.366977,4.450000e-05,8022.0,,
90,0.865565,4.500000e-05,8027.5,,
91,0.995250,4.550000e-05,8035.2,,
92,0.803287,4.600000e-05,8042.9,,
93,0.799439,4.650000e-05,8050.5,,
94,0.865497,4.700000e-05,8058.1,,
95,0.925538,4.750000e-05,8065.0,,
96,0.812279,4.800000e-05,8070.4,,
97,0.818676,4.850000e-05,8077.3,,
98,0.870390,4.900000e-05,8084.1,,
99,0.936138,4.950000e-05,8090.8,,
100,0.805937,5.000000e-05,8097.5,25.504,0.7011
101,0.866009,5.000000e-05,8065.4,,
102,0.878889,4.999997e-05,8070.7,,
103,0.886799,4.999988e-05,8077.1,,
104,0.816186,4.999972e-05,8083.6,,
105,0.763177,4.999951e-05,8089.9,,
106,0.804689,4.999923e-05,8096.1,,
107,0.824791,4.999889e-05,8102.4,,
108,0.861328,4.999849e-05,8106.4,,
109,0.778983,4.999803e-05,8112.3,,
110,0.790648,4.999751e-05,8118.3,,
111,0.796703,4.999692e-05,8124.1,,
112,0.775945,4.999628e-05,8129.8,,
113,0.792484,4.999557e-05,8135.6,,
114,0.867519,4.999480e-05,8139.3,,
115,0.792120,4.999397e-05,8144.6,,
116,0.837142,4.999308e-05,8149.7,,
117,0.785439,4.999213e-05,8154.9,,
118,0.817954,4.999111e-05,8160.2,,
119,0.774656,4.999004e-05,8165.2,,
120,0.898271,4.998890e-05,8168.5,,
121,0.852751,4.998770e-05,8173.4,,
122,0.741493,4.998644e-05,8178.1,,
123,0.799677,4.998512e-05,8182.9,,
124,0.742615,4.998373e-05,8187.5,,
125,0.937326,4.998229e-05,8190.5,,
126,0.823653,4.998078e-05,8195.2,,
127,0.816875,4.997921e-05,8199.6,,
128,0.810247,4.997758e-05,8204.1,,
129,0.750562,4.997589e-05,8208.5,,
130,0.784592,4.997414e-05,8212.9,,
131,0.779413,4.997232e-05,8217.1,,
132,0.766253,4.997045e-05,8219.4,,
133,0.724217,4.996851e-05,8223.7,,
134,0.793295,4.996651e-05,8227.8,,
135,0.807678,4.996445e-05,8231.8,,
136,0.777383,4.996233e-05,8235.7,,
137,0.792273,4.996015e-05,8239.7,,
138,0.814029,4.995791e-05,8242.3,,
139,0.759664,4.995560e-05,8246.1,,
140,0.765773,4.995323e-05,8250.0,,
141,0.751995,4.995081e-05,8253.7,,
142,0.762995,4.994832e-05,8257.4,,
143,0.763932,4.994577e-05,8259.3,,
144,0.813173,4.994315e-05,8263.0,,
145,0.785332,4.994048e-05,8266.5,,
146,0.736010,4.993775e-05,8270.1,,
147,0.779760,4.993495e-05,8273.7,,
148,0.786837,4.993209e-05,8277.1,,
149,0.805841,4.992917e-05,8280.4,,
150,0.741502,4.992619e-05,8282.2,,
151,0.786620,4.992315e-05,8285.6,,
152,0.858929,4.992005e-05,8288.9,,
153,0.770856,4.991688e-05,8292.2,,
154,0.733807,4.991366e-05,8295.3,,
155,0.763678,4.991037e-05,8297.0,,
156,0.713269,4.990702e-05,8300.2,,
157,0.729799,4.990361e-05,8303.0,,
158,0.702720,4.990014e-05,8305.7,,
159,0.696268,4.989661e-05,8309.3,,
160,0.764899,4.989302e-05,8312.1,,
161,0.778928,4.988937e-05,8313.7,,
162,0.730487,4.988565e-05,8316.6,,
163,0.754494,4.988187e-05,8319.4,,
164,0.755666,4.987804e-05,8322.2,,
165,0.710037,4.987414e-05,8325.1,,
166,0.727668,4.987018e-05,8327.9,,
167,0.767749,4.986616e-05,8329.4,,
168,0.740215,4.986207e-05,8332.1,,
169,0.758978,4.985793e-05,8334.8,,
170,0.791067,4.985372e-05,8337.5,,
171,0.739323,4.984946e-05,8340.2,,
172,0.790113,4.984513e-05,8342.9,,
173,0.826798,4.984074e-05,8344.5,,
174,0.725677,4.983629e-05,8347.2,,
175,0.741791,4.983178e-05,8349.6,,
176,0.773987,4.982721e-05,8352.1,,
177,0.749640,4.982258e-05,8354.6,,
178,0.726097,4.981789e-05,8357.0,,
179,0.747662,4.981313e-05,8358.3,,
180,0.812253,4.980832e-05,8360.8,,
181,0.726504,4.980344e-05,8363.1,,
182,0.703334,4.979850e-05,8365.4,,
183,0.699370,4.979351e-05,8367.8,,
184,0.791786,4.978845e-05,8370.2,,
185,0.733749,4.978333e-05,8372.4,,
186,0.727417,4.977815e-05,8373.4,,
187,0.751531,4.977290e-05,8375.7,,
188,0.693097,4.976760e-05,8377.9,,
189,0.770123,4.976224e-05,8380.1,,
190,0.817546,4.975681e-05,8382.2,,
191,0.744201,4.975133e-05,8384.4,,
192,0.734262,4.974578e-05,8385.6,,
193,0.775872,4.974017e-05,8387.7,,
194,0.744437,4.973451e-05,8389.8,,
195,0.895591,4.972878e-05,8391.9,,
196,0.692837,4.972299e-05,8393.9,,
197,0.861207,4.971714e-05,8394.8,,
198,0.665113,4.971123e-05,8396.8,,
199,0.688097,4.970525e-05,8398.8,,
200,0.734647,4.969922e-05,8400.8,23.032,0.5975
201,0.681827,4.969313e-05,8381.7,,
202,0.689293,4.968698e-05,8383.8,,
203,0.706370,4.968076e-05,8385.9,,
204,0.699634,4.967449e-05,8386.5,,
205,0.647611,4.966815e-05,8388.7,,
206,0.770858,4.966175e-05,8390.8,,
207,0.678582,4.965530e-05,8392.8,,
208,0.744684,4.964878e-05,8394.7,,
209,0.713317,4.964220e-05,8396.6,,
210,0.718463,4.963556e-05,8397.8,,
211,0.683593,4.962886e-05,8399.7,,
212,0.725482,4.962210e-05,8401.5,,
213,0.689609,4.961528e-05,8403.3,,
214,0.726861,4.960840e-05,8405.2,,
215,0.715970,4.960146e-05,8405.9,,
216,0.683883,4.959446e-05,8407.2,,
217,0.747724,4.958740e-05,8409.4,,
218,0.682954,4.958028e-05,8411.2,,
219,0.725178,4.957310e-05,8412.9,,
220,0.889868,4.956585e-05,8414.4,,
221,0.675596,4.955855e-05,8416.3,,
222,0.723382,4.955119e-05,8416.9,,
223,0.683888,4.954376e-05,8418.6,,
224,0.786617,4.953628e-05,8420.2,,
225,0.720604,4.952873e-05,8421.9,,
226,0.692769,4.952113e-05,8423.5,,
227,0.732216,4.951346e-05,8425.2,,
228,0.715116,4.950574e-05,8426.1,,
229,0.683470,4.949795e-05,8427.7,,
230,0.748050,4.949011e-05,8429.3,,
231,0.669713,4.948220e-05,8430.9,,
232,0.738193,4.947424e-05,8432.5,,
233,0.655734,4.946621e-05,8434.1,,
234,0.726289,4.945813e-05,8434.7,,
235,0.723555,4.944998e-05,8436.2,,
236,0.706692,4.944178e-05,8437.8,,
237,0.683524,4.943351e-05,8439.3,,
238,0.687558,4.942518e-05,8440.8,,
239,0.672795,4.941680e-05,8442.3,,
240,0.777114,4.940835e-05,8442.5,,
241,0.684692,4.939985e-05,8444.1,,
242,0.679994,4.939128e-05,8445.5,,
243,0.697107,4.938266e-05,8447.0,,
244,0.709406,4.937397e-05,8448.4,,
245,0.775413,4.936523e-05,8449.9,,
246,0.726751,4.935642e-05,8450.6,,
247,0.729810,4.934756e-05,8452.0,,
248,0.712666,4.933864e-05,8453.4,,
249,0.731378,4.932965e-05,8454.7,,
250,0.763491,4.932061e-05,8456.1,,
251,0.727213,4.931151e-05,8457.5,,
252,0.705790,4.930234e-05,8457.8,,
253,0.636289,4.929312e-05,8459.1,,
254,0.788098,4.928384e-05,8460.5,,
255,0.664075,4.927450e-05,8461.8,,
256,0.620734,4.926510e-05,8463.3,,
257,0.691431,4.925564e-05,8464.5,,
258,0.675926,4.924612e-05,8465.9,,
259,0.696474,4.923654e-05,8466.2,,
260,0.681141,4.922690e-05,8467.4,,
261,0.661908,4.921720e-05,8468.7,,
262,0.674913,4.920744e-05,8469.9,,
263,0.779042,4.919763e-05,8471.2,,
264,0.754179,4.918775e-05,8472.4,,
265,0.709103,4.917781e-05,8473.0,,
266,0.753333,4.916782e-05,8474.2,,
267,0.680304,4.915777e-05,8475.4,,
268,0.739681,4.914765e-05,8476.7,,
269,0.663652,4.913748e-05,8477.7,,
270,0.646738,4.912725e-05,8478.1,,
271,0.644699,4.911696e-05,8479.3,,
272,0.745675,4.910661e-05,8480.5,,
273,0.647327,4.909620e-05,8481.7,,
274,0.813760,4.908573e-05,8482.9,,
275,0.694775,4.907520e-05,8484.0,,
276,0.756595,4.906462e-05,8485.2,,
277,0.676212,4.905397e-05,8485.4,,
278,0.806740,4.904327e-05,8486.6,,
279,0.712413,4.903251e-05,8487.8,,
280,0.726412,4.902169e-05,8489.0,,
281,0.694434,4.901081e-05,8489.2,,
282,0.683167,4.899987e-05,8490.6,,
283,0.666018,4.898887e-05,8491.4,,
284,0.618003,4.897781e-05,8492.8,,
285,0.698528,4.896670e-05,8493.8,,
286,0.725257,4.895552e-05,8494.9,,
287,0.770274,4.894429e-05,8496.0,,
288,0.724244,4.893300e-05,8495.6,,
289,0.575953,4.892165e-05,8497.0,,
290,0.668066,4.891024e-05,8498.4,,
291,0.574586,4.889877e-05,8499.7,,
292,0.723786,4.888725e-05,8500.7,,
293,0.705278,4.887566e-05,8501.7,,
294,0.698624,4.886402e-05,8502.7,,
295,0.681530,4.885232e-05,8502.9,,
296,0.662546,4.884056e-05,8503.9,,
297,0.748802,4.882874e-05,8504.9,,
298,0.707054,4.881687e-05,8505.8,,
299,0.726906,4.880493e-05,8506.8,,
300,0.775592,4.879294e-05,8507.9,22.651,0.5823
301,0.697448,4.878089e-05,8493.9,,
302,0.707859,4.876878e-05,8494.9,,
303,0.922288,4.875661e-05,8495.9,,
304,0.660291,4.874439e-05,8496.9,,
305,0.659724,4.873210e-05,8497.9,,
306,0.709388,4.871976e-05,8498.8,,
307,0.689838,4.870736e-05,8499.0,,
308,0.678125,4.869491e-05,8500.0,,
309,0.754342,4.868239e-05,8501.0,,
310,0.642145,4.866982e-05,8501.9,,
311,0.697043,4.865719e-05,8502.9,,
312,0.712772,4.864450e-05,8503.8,,
313,0.675246,4.863175e-05,8504.1,,
314,0.748007,4.861895e-05,8505.1,,
315,0.629332,4.860608e-05,8506.1,,
316,0.676359,4.859316e-05,8507.0,,
317,0.654816,4.858019e-05,8507.7,,
318,0.675870,4.856715e-05,8508.9,,
319,0.661291,4.855406e-05,8509.2,,
320,0.710408,4.854091e-05,8510.1,,
321,0.739968,4.852770e-05,8511.1,,
322,0.592948,4.851444e-05,8512.0,,
323,0.631649,4.850111e-05,8512.9,,
324,0.740317,4.848773e-05,8513.8,,
325,0.629063,4.847429e-05,8513.9,,
326,0.818307,4.846080e-05,8514.8,,
327,0.688502,4.844725e-05,8515.7,,
328,0.639977,4.843364e-05,8516.6,,
329,0.672203,4.841997e-05,8517.4,,
330,0.635798,4.840625e-05,8518.2,,
331,0.684840,4.839247e-05,8519.1,,
332,0.676304,4.837863e-05,8519.1,,
333,0.675696,4.836473e-05,8519.6,,
334,0.648220,4.835078e-05,8520.7,,
335,0.683888,4.833677e-05,8521.4,,
336,0.679622,4.832270e-05,8522.4,,
337,0.647666,4.830858e-05,8523.2,,
338,0.658969,4.829440e-05,8523.6,,
339,0.644021,4.828016e-05,8524.4,,
340,0.704388,4.826587e-05,8525.2,,
341,0.727147,4.825152e-05,8526.0,,
342,0.715005,4.823711e-05,8526.8,,
343,0.693751,4.822265e-05,8526.9,,
344,0.648920,4.820813e-05,8527.7,,
345,0.669858,4.819355e-05,8528.4,,
346,0.651030,4.817892e-05,8529.2,,
347,0.672836,4.816423e-05,8530.0,,
348,0.666900,4.814948e-05,8530.8,,
349,0.662550,4.813468e-05,8530.8,,
350,0.687161,4.811982e-05,8531.6,,
351,0.684281,4.810490e-05,8532.3,,
352,0.616126,4.808993e-05,8533.1,,
353,0.636051,4.807490e-05,8533.9,,
354,0.677738,4.805981e-05,8534.6,,
355,0.666693,4.804467e-05,8534.8,,
356,0.650500,4.802948e-05,8535.5,,
357,0.590876,4.801422e-05,8536.2,,
358,0.719937,4.799891e-05,8537.0,,
359,0.610488,4.798355e-05,8537.9,,
360,0.667941,4.796812e-05,8538.6,,
361,0.642280,4.795265e-05,8538.5,,
362,0.628257,4.793711e-05,8539.3,,
363,0.738899,4.792152e-05,8540.0,,
364,0.626125,4.790588e-05,8540.6,,
365,0.667693,4.789018e-05,8541.4,,
366,0.712609,4.787442e-05,8541.4,,
367,0.651233,4.785861e-05,8542.2,,
368,0.642754,4.784274e-05,8542.8,,
369,0.702851,4.782682e-05,8543.6,,
370,0.662380,4.781084e-05,8544.3,,
371,0.624446,4.779480e-05,8545.0,,
372,0.704238,4.777871e-05,8545.7,,
373,0.650797,4.776257e-05,8545.6,,
374,0.705441,4.774637e-05,8546.5,,
375,0.605865,4.773011e-05,8547.2,,
376,0.670776,4.771380e-05,8547.8,,
377,0.627908,4.769743e-05,8548.5,,
378,0.662259,4.768101e-05,8549.2,,
379,0.658793,4.766453e-05,8549.0,,
380,0.682123,4.764800e-05,8549.8,,
381,0.673523,4.763141e-05,8550.4,,
382,0.705496,4.761477e-05,8551.1,,
383,0.606924,4.759807e-05,8551.6,,
384,0.620957,4.758132e-05,8551.6,,
385,0.786995,4.756451e-05,8552.2,,
386,0.626340,4.754765e-05,8552.8,,
387,0.607832,4.753073e-05,8553.4,,
388,0.625536,4.751376e-05,8554.0,,
389,0.635489,4.749673e-05,8554.1,,
390,0.657340,4.747965e-05,8554.8,,
391,0.608438,4.746251e-05,8555.4,,
392,0.668176,4.744532e-05,8556.0,,
393,0.648618,4.742808e-05,8556.7,,
394,0.691554,4.741078e-05,8557.3,,
395,0.608802,4.739342e-05,8558.0,,
396,0.680104,4.737602e-05,8558.0,,
397,0.674657,4.735855e-05,8558.7,,
398,0.631534,4.734104e-05,8559.3,,
399,0.591906,4.732346e-05,8559.9,,
400,0.658119,4.730584e-05,8560.5,21.761,0.5377
401,0.669226,4.728816e-05,8550.2,,
402,0.730101,4.727043e-05,8550.0,,
403,1.561474,4.725264e-05,8550.9,,
404,0.697271,4.723480e-05,8551.5,,
405,0.649128,4.721690e-05,8552.1,,
406,0.624583,4.719895e-05,8552.7,,
407,0.728030,4.718095e-05,8552.8,,
408,0.673318,4.716289e-05,8553.4,,
409,0.685304,4.714478e-05,8554.0,,
410,0.664166,4.712661e-05,8554.5,,
411,0.661878,4.710840e-05,8555.2,,
412,0.665810,4.709012e-05,8555.8,,
413,0.667377,4.707180e-05,8556.4,,
414,0.641587,4.705342e-05,8556.4,,
415,0.612265,4.703499e-05,8557.0,,
416,0.599194,4.701650e-05,8557.5,,
417,0.626858,4.699796e-05,8558.1,,
418,0.601011,4.697937e-05,8558.7,,
419,0.667144,4.696072e-05,8559.3,,
420,0.581942,4.694202e-05,8559.4,,
421,0.594759,4.692327e-05,8560.0,,
422,0.702313,4.690447e-05,8560.6,,
423,0.660552,4.688561e-05,8561.1,,
424,0.644523,4.686670e-05,8561.6,,
425,0.723588,4.684773e-05,8561.7,,
426,0.700486,4.682871e-05,8562.3,,
427,0.628795,4.680964e-05,8562.8,,
428,0.640036,4.679052e-05,8563.4,,
429,0.621820,4.677135e-05,8564.0,,
430,0.653623,4.675212e-05,8564.4,,
431,0.643016,4.673284e-05,8565.1,,
432,0.656649,4.671350e-05,8565.0,,
433,0.662240,4.669412e-05,8565.6,,
434,0.680338,4.667468e-05,8566.1,,
435,0.595996,4.665519e-05,8566.7,,
436,0.661414,4.663564e-05,8567.3,,
437,0.677191,4.661605e-05,8567.8,,
438,0.651357,4.659640e-05,8567.9,,
439,0.641031,4.657670e-05,8568.5,,
440,0.685578,4.655695e-05,8569.0,,
441,0.632790,4.653714e-05,8569.5,,
442,0.609949,4.651729e-05,8570.0,,
443,0.606256,4.649738e-05,8570.1,,
444,0.664807,4.647742e-05,8570.6,,
445,0.611922,4.645741e-05,8571.1,,
446,0.567063,4.643734e-05,8571.6,,
447,0.604953,4.641723e-05,8572.1,,
448,0.611642,4.639706e-05,8572.6,,
449,0.676801,4.637684e-05,8573.1,,
450,0.613566,4.635657e-05,8573.1,,
451,0.635887,4.633625e-05,8573.6,,
452,0.624206,4.631587e-05,8574.1,,
453,0.648426,4.629545e-05,8574.6,,
454,0.623043,4.627497e-05,8575.1,,
455,0.647718,4.625444e-05,8575.6,,
456,0.660109,4.623386e-05,8575.7,,
457,0.633261,4.621323e-05,8576.2,,
458,0.680228,4.619255e-05,8576.8,,
459,0.635644,4.617182e-05,8577.3,,
460,0.673978,4.615103e-05,8577.8,,
461,0.634134,4.613020e-05,8578.3,,
462,0.639884,4.610931e-05,8578.3,,
463,0.605876,4.608838e-05,8578.8,,
464,0.606359,4.606739e-05,8579.3,,
465,0.624396,4.604635e-05,8579.8,,
466,0.603320,4.602526e-05,8580.2,,
467,0.644940,4.600412e-05,8580.7,,
468,0.629823,4.598293e-05,8580.6,,
469,0.635251,4.596169e-05,8581.1,,
470,0.568130,4.594040e-05,8581.5,,
471,0.674838,4.591906e-05,8582.0,,
472,0.604375,4.589767e-05,8582.5,,
473,0.653419,4.587622e-05,8582.9,,
474,0.773201,4.585473e-05,8582.9,,
475,0.705026,4.583319e-05,8583.4,,
476,0.725849,4.581160e-05,8583.9,,
477,0.653626,4.578995e-05,8584.3,,
478,0.602079,4.576826e-05,8584.8,,
479,0.601532,4.574652e-05,8585.3,,
480,0.635076,4.572472e-05,8585.2,,
481,0.817546,4.570288e-05,8585.7,,
482,0.636380,4.568099e-05,8586.2,,
483,0.601425,4.565905e-05,8586.6,,
484,0.713073,4.563706e-05,8587.1,,
485,0.614455,4.561502e-05,8587.5,,
486,0.608816,4.559292e-05,8588.0,,
487,0.675637,4.557078e-05,8587.9,,
488,0.622948,4.554859e-05,8588.1,,
489,0.586729,4.552636e-05,8588.7,,
490,0.636371,4.550407e-05,8589.2,,
491,0.676442,4.548173e-05,8589.7,,
492,0.717302,4.545934e-05,8590.1,,
493,0.651847,4.543691e-05,8590.2,,
494,0.611909,4.541442e-05,8590.7,,
495,0.605948,4.539189e-05,8591.1,,
496,0.636033,4.536931e-05,8591.6,,
497,0.615520,4.534667e-05,8592.0,,
498,0.604818,4.532399e-05,8592.0,,
499,0.642071,4.530127e-05,8592.3,,
500,0.599752,4.527849e-05,8592.8,20.950,0.5009
501,0.658611,4.525566e-05,8584.4,,
502,0.621914,4.523279e-05,8584.9,,
503,0.578990,4.520986e-05,8585.3,,
504,0.650508,4.518689e-05,8585.2,,
505,0.637794,4.516387e-05,8585.7,,
506,0.541174,4.514080e-05,8585.8,,
507,0.477374,4.511769e-05,8586.5,,
508,0.682546,4.509452e-05,8587.1,,
509,0.614922,4.507131e-05,8587.5,,
510,0.625345,4.504805e-05,8587.5,,
511,0.595527,4.502474e-05,8587.9,,
512,0.593309,4.500138e-05,8588.4,,
513,0.641516,4.497798e-05,8588.8,,
514,0.626570,4.495452e-05,8589.2,,
515,0.666098,4.493102e-05,8589.6,,
516,0.620884,4.490748e-05,8589.5,,
517,0.649725,4.488388e-05,8590.0,,
518,0.666666,4.486024e-05,8590.4,,
519,0.616750,4.483655e-05,8590.8,,
520,0.664756,4.481281e-05,8591.2,,
521,0.665471,4.478902e-05,8591.2,,
522,0.620889,4.476519e-05,8591.5,,
523,0.616675,4.474131e-05,8592.0,,
524,0.613781,4.471739e-05,8592.4,,
525,0.667404,4.469341e-05,8592.7,,
526,0.627483,4.466939e-05,8593.1,,
527,0.617764,4.464532e-05,8593.5,,
528,0.628818,4.462121e-05,8593.4,,
529,0.626059,4.459705e-05,8593.9,,
530,0.614617,4.457284e-05,8594.2,,
531,0.618858,4.454858e-05,8594.7,,
532,0.586355,4.452428e-05,8595.1,,
533,0.622576,4.449994e-05,8595.5,,
534,0.773049,4.447554e-05,8595.5,,
535,0.683594,4.445110e-05,8595.9,,
536,0.621759,4.442661e-05,8596.3,,
537,0.672459,4.440208e-05,8596.7,,
538,0.702438,4.437750e-05,8597.1,,
539,0.665285,4.435287e-05,8596.9,,
540,0.614774,4.432820e-05,8597.3,,
541,0.612342,4.430348e-05,8597.7,,
542,0.622358,4.427872e-05,8598.1,,
543,0.652109,4.425391e-05,8598.5,,
544,0.658847,4.422905e-05,8598.4,,
545,0.587022,4.420415e-05,8598.8,,
546,0.601047,4.417921e-05,8599.1,,
547,0.598542,4.415421e-05,8599.5,,
548,0.640389,4.412917e-05,8599.9,,
549,0.645566,4.410409e-05,8600.3,,
550,0.570840,4.407896e-05,8600.7,,
551,0.626299,4.405379e-05,8600.6,,
552,0.597388,4.402857e-05,8601.0,,
553,0.631396,4.400330e-05,8601.3,,
554,0.626495,4.397799e-05,8601.7,,
555,0.641829,4.395264e-05,8602.1,,
556,0.624578,4.392724e-05,8602.4,,
557,0.625013,4.390179e-05,8602.3,,
558,0.624502,4.387630e-05,8602.7,,
559,0.642051,4.385077e-05,8603.1,,
560,0.635377,4.382519e-05,8603.5,,
561,0.589701,4.379957e-05,8603.8,,
562,0.675079,4.377390e-05,8603.8,,
563,0.630197,4.374819e-05,8604.2,,
564,0.639424,4.372243e-05,8604.5,,
565,0.593746,4.369663e-05,8604.9,,
566,0.601267,4.367078e-05,8605.1,,
567,0.626566,4.364489e-05,8605.6,,
568,0.644579,4.361896e-05,8605.9,,
569,0.587456,4.359298e-05,8605.8,,
570,0.576546,4.356696e-05,8606.1,,
571,0.648136,4.354089e-05,8606.5,,
572,0.614954,4.351478e-05,8606.9,,
573,0.560497,4.348863e-05,8607.2,,
574,0.592413,4.346243e-05,8607.6,,
575,0.625609,4.343619e-05,8607.6,,
576,0.620678,4.340990e-05,8607.9,,
577,0.652806,4.338357e-05,8608.3,,
578,0.583768,4.335720e-05,8608.6,,
579,0.606189,4.333079e-05,8608.9,,
580,0.679874,4.330433e-05,8608.9,,
581,0.624065,4.327783e-05,8609.2,,
582,0.548285,4.325128e-05,8609.5,,
583,0.577558,4.322470e-05,8609.9,,
584,0.635314,4.319806e-05,8610.1,,
585,0.615311,4.317139e-05,8610.5,,
586,0.601650,4.314467e-05,8610.5,,
587,0.640090,4.311792e-05,8610.8,,
588,0.688975,4.309111e-05,8611.2,,
589,0.597155,4.306427e-05,8611.6,,
590,0.617739,4.303738e-05,8611.9,,
591,0.611596,4.301045e-05,8612.2,,
592,0.523867,4.298348e-05,8612.2,,
593,0.601059,4.295647e-05,8612.6,,
594,0.554714,4.292941e-05,8612.9,,
595,0.611756,4.290231e-05,8613.2,,
596,0.630569,4.287517e-05,8613.5,,
597,0.619861,4.284799e-05,8613.8,,
598,0.599960,4.282076e-05,8613.7,,
599,0.633093,4.279349e-05,8614.0,,
600,0.593682,4.276619e-05,8614.3,20.033,0.4640
601,0.616752,4.273884e-05,8607.3,,
602,0.587596,4.271144e-05,8607.6,,
603,0.584431,4.268401e-05,8607.4,,
604,0.527780,4.265653e-05,8607.7,,
605,0.637809,4.262902e-05,8608.1,,
606,0.697148,4.260146e-05,8608.0,,
607,0.848105,4.257386e-05,8608.5,,
608,0.897326,4.254622e-05,8609.0,,
609,0.704743,4.251854e-05,8609.5,,
610,0.692306,4.249082e-05,8609.4,,
611,0.604726,4.246305e-05,8609.8,,
612,0.654786,4.243525e-05,8610.1,,
613,0.662775,4.240740e-05,8610.4,,
614,0.628006,4.237952e-05,8610.7,,
615,0.629257,4.235159e-05,8611.1,,
616,0.645598,4.232362e-05,8611.0,,
617,0.598938,4.229561e-05,8611.3,,
618,0.577832,4.226757e-05,8611.6,,
619,0.575893,4.223948e-05,8611.9,,
620,0.636726,4.221135e-05,8612.2,,
621,0.577686,4.218318e-05,8612.2,,
622,0.585998,4.215497e-05,8612.5,,
623,0.584222,4.212672e-05,8612.8,,
624,0.652841,4.209843e-05,8613.0,,
625,0.919530,4.207010e-05,8613.4,,
626,0.614568,4.204173e-05,8613.3,,
627,0.601599,4.201332e-05,8613.6,,
628,0.598251,4.198488e-05,8613.9,,
629,0.611781,4.195639e-05,8614.2,,
630,0.585979,4.192786e-05,8614.5,,
631,0.611334,4.189929e-05,8614.8,,
632,0.633088,4.187069e-05,8615.1,,
633,0.667825,4.184204e-05,8615.1,,
634,0.557426,4.181335e-05,8615.3,,
635,0.573829,4.178463e-05,8615.6,,
636,0.591272,4.175587e-05,8615.9,,
637,0.617144,4.172707e-05,8616.2,,
638,0.565653,4.169822e-05,8616.5,,
639,0.599733,4.166934e-05,8616.4,,
640,0.690284,4.164043e-05,8616.7,,
641,0.584879,4.161147e-05,8617.0,,
642,0.588524,4.158247e-05,8617.3,,
643,0.608139,4.155344e-05,8617.6,,
644,0.607699,4.152436e-05,8617.5,,
645,0.570939,4.149525e-05,8617.8,,
646,0.580093,4.146610e-05,8618.1,,
647,0.626729,4.143692e-05,8618.4,,
648,0.566400,4.140769e-05,8618.7,,
649,0.610054,4.137843e-05,8619.0,,
650,0.582119,4.134913e-05,8619.3,,
651,0.563496,4.131979e-05,8619.2,,
652,0.580389,4.129041e-05,8619.5,,
653,0.599829,4.126099e-05,8619.8,,
654,0.603023,4.123154e-05,8620.0,,
655,0.563266,4.120205e-05,8620.3,,
656,0.618010,4.117252e-05,8620.6,,
657,0.609287,4.114296e-05,8620.6,,
658,0.579191,4.111336e-05,8620.8,,
659,0.542489,4.108372e-05,8621.1,,
660,0.624191,4.105404e-05,8621.4,,
661,0.560934,4.102433e-05,8621.7,,
662,0.622693,4.099458e-05,8621.6,,
663,0.559672,4.096479e-05,8621.9,,
664,0.618184,4.093496e-05,8622.1,,
665,0.558313,4.090510e-05,8622.4,,
666,0.577160,4.087520e-05,8622.7,,
667,0.582771,4.084527e-05,8623.0,,
668,0.547383,4.081530e-05,8623.3,,
669,0.554756,4.078529e-05,8623.1,,
670,0.660101,4.075525e-05,8623.5,,
671,0.565296,4.072517e-05,8623.7,,
672,0.560056,4.069505e-05,8624.0,,
673,0.541574,4.066490e-05,8624.3,,
674,0.554148,4.063471e-05,8624.6,,
675,0.578896,4.060449e-05,8624.6,,
676,0.575068,4.057423e-05,8624.8,,
677,0.632350,4.054393e-05,8625.1,,
678,0.566922,4.051360e-05,8625.3,,
679,0.581743,4.048323e-05,8625.6,,
680,0.568755,4.045283e-05,8625.5,,
681,0.668729,4.042239e-05,8625.8,,
682,0.609417,4.039192e-05,8626.1,,
683,0.588799,4.036141e-05,8626.4,,
684,0.598547,4.033087e-05,8626.6,,
685,0.625885,4.030029e-05,8626.9,,
686,0.561255,4.026968e-05,8627.2,,
687,0.590174,4.023903e-05,8627.1,,
688,0.573218,4.020835e-05,8627.4,,
689,0.580782,4.017763e-05,8627.6,,
690,0.603470,4.014688e-05,8627.9,,
691,0.701380,4.011609e-05,8628.2,,
692,0.633083,4.008527e-05,8628.5,,
693,0.559042,4.005441e-05,8628.5,,
694,0.591079,4.002352e-05,8628.7,,
695,0.572709,3.999260e-05,8629.0,,
696,0.574134,3.996164e-05,8629.3,,
697,0.699013,3.993064e-05,8629.5,,
698,0.630556,3.989962e-05,8629.8,,
699,0.564336,3.986856e-05,8629.7,,
700,0.600457,3.983746e-05,8630.0,19.854,0.4525
701,0.581726,3.980633e-05,8623.9,,
702,0.609141,3.977517e-05,8624.2,,
703,0.622716,3.974398e-05,8624.4,,
704,0.607581,3.971275e-05,8624.7,,
705,0.546392,3.968148e-05,8624.5,,
706,0.588510,3.965019e-05,8624.8,,
707,0.592365,3.961886e-05,8625.1,,
708,0.583448,3.958750e-05,8625.3,,
709,0.627749,3.955610e-05,8625.6,,
710,0.533582,3.952467e-05,8625.9,,
711,0.593022,3.949321e-05,8625.9,,
712,0.570440,3.946172e-05,8626.1,,
713,0.696903,3.943019e-05,8626.4,,
714,0.566344,3.939863e-05,8626.6,,
715,0.562313,3.936704e-05,8626.9,,
716,0.623259,3.933542e-05,8627.1,,
717,0.701044,3.930376e-05,8627.0,,
718,0.609297,3.927207e-05,8627.3,,
719,0.564098,3.924035e-05,8627.6,,
720,0.585647,3.920860e-05,8627.8,,
721,0.600820,3.917682e-05,8628.1,,
722,0.648116,3.914500e-05,8628.4,,
723,0.570630,3.911315e-05,8628.6,,
724,0.561675,3.908127e-05,8628.5,,
725,0.609878,3.904936e-05,8628.8,,
726,0.600129,3.901741e-05,8629.0,,
727,0.565500,3.898544e-05,8629.2,,
728,0.581755,3.895343e-05,8629.5,,
729,0.547883,3.892139e-05,8629.7,,
730,0.569217,3.888932e-05,8629.7,,
731,0.613121,3.885722e-05,8630.0,,
732,0.552811,3.882509e-05,8630.2,,
733,0.603420,3.879293e-05,8630.5,,
734,0.595115,3.876074e-05,8630.7,,
735,0.583227,3.872851e-05,8630.6,,
736,0.530508,3.869626e-05,8630.9,,
737,0.579279,3.866397e-05,8631.1,,
738,0.579021,3.863166e-05,8631.3,,
739,0.609566,3.859931e-05,8631.6,,
740,0.617171,3.856694e-05,8631.8,,
741,0.563875,3.853453e-05,8632.0,,
742,0.577578,3.850209e-05,8631.8,,
743,0.533489,3.846962e-05,8632.2,,
744,0.585179,3.843713e-05,8632.4,,
745,0.566988,3.840460e-05,8632.7,,
746,0.571386,3.837204e-05,8632.9,,
747,0.574075,3.833946e-05,8633.1,,
748,0.593217,3.830684e-05,8633.1,,
749,0.616263,3.827420e-05,8633.4,,
750,0.540927,3.824152e-05,8633.6,,
751,0.572957,3.820882e-05,8633.8,,
752,0.577892,3.817608e-05,8634.0,,
753,0.564189,3.814332e-05,8633.9,,
754,0.577202,3.811053e-05,8634.1,,
755,0.580161,3.807771e-05,8634.4,,
756,0.628030,3.804486e-05,8634.6,,
757,0.606768,3.801198e-05,8634.8,,
758,0.567948,3.797907e-05,8635.0,,
759,0.606929,3.794613e-05,8635.2,,
760,0.571405,3.791317e-05,8635.1,,
761,0.623936,3.788018e-05,8635.3,,
762,0.625887,3.784715e-05,8635.5,,
763,0.731248,3.781410e-05,8635.7,,
764,0.540792,3.778103e-05,8635.9,,
765,0.545361,3.774792e-05,8635.8,,
766,0.553215,3.771479e-05,8636.1,,
767,0.573582,3.768162e-05,8636.3,,
768,0.630597,3.764843e-05,8636.6,,
769,0.574421,3.761522e-05,8636.8,,
770,0.594824,3.758197e-05,8637.0,,
771,0.620927,3.754870e-05,8637.0,,
772,0.552480,3.751540e-05,8637.2,,
773,0.539613,3.748207e-05,8637.4,,
774,0.583849,3.744871e-05,8637.6,,
775,0.576487,3.741533e-05,8637.8,,
776,0.543010,3.738192e-05,8638.0,,
777,0.567189,3.734849e-05,8637.9,,
778,0.633224,3.731502e-05,8638.2,,
779,0.581637,3.728153e-05,8638.3,,
780,0.561267,3.724802e-05,8638.6,,
781,0.577497,3.721447e-05,8638.8,,
782,0.563079,3.718090e-05,8639.0,,
783,0.553209,3.714731e-05,8639.0,,
784,0.570821,3.711368e-05,8639.2,,
785,0.663185,3.708003e-05,8639.5,,
786,0.534143,3.704636e-05,8639.7,,
787,0.585357,3.701266e-05,8639.9,,
788,0.558141,3.697893e-05,8640.1,,
789,0.538565,3.694518e-05,8639.9,,
790,0.550262,3.691140e-05,8640.2,,
791,0.615260,3.687759e-05,8640.4,,
792,0.569395,3.684376e-05,8640.6,,
793,0.565489,3.680991e-05,8640.8,,
794,0.582521,3.677602e-05,8641.1,,
795,0.546904,3.674212e-05,8641.3,,
796,0.571019,3.670818e-05,8641.2,,
797,0.565680,3.667423e-05,8641.4,,
798,0.650710,3.664024e-05,8641.6,,
799,0.623270,3.660624e-05,8641.8,,
800,0.572133,3.657220e-05,8642.0,19.445,0.4337
801,0.600449,3.653815e-05,8636.7,,
802,0.572910,3.650407e-05,8636.7,,
803,0.616926,3.646996e-05,8636.9,,
804,0.583412,3.643583e-05,8637.1,,
805,0.575837,3.640167e-05,8637.3,,
806,0.480312,3.636749e-05,8637.6,,
807,0.555349,3.633329e-05,8637.5,,
808,0.568442,3.629906e-05,8637.7,,
809,0.611881,3.626481e-05,8637.9,,
810,0.596666,3.623053e-05,8638.2,,
811,0.562935,3.619623e-05,8638.3,,
812,0.573662,3.616191e-05,8638.6,,
813,0.571675,3.612756e-05,8638.8,,
814,0.579840,3.609319e-05,8638.6,,
815,0.573141,3.605879e-05,8638.9,,
816,0.544895,3.602438e-05,8638.9,,
817,0.501787,3.598993e-05,8639.2,,
818,0.563077,3.595547e-05,8639.5,,
819,0.670731,3.592098e-05,8639.7,,
820,0.589330,3.588647e-05,8639.7,,
821,0.587729,3.585194e-05,8639.9,,
822,0.601068,3.581738e-05,8640.1,,
823,0.567636,3.578280e-05,8640.3,,
824,0.609493,3.574820e-05,8640.5,,
825,0.632854,3.571358e-05,8640.4,,
826,0.566828,3.567893e-05,8640.6,,
827,0.573399,3.564426e-05,8640.8,,
828,0.529668,3.560957e-05,8641.0,,
829,0.592167,3.557485e-05,8641.2,,
830,0.597059,3.554012e-05,8641.4,,
831,0.560717,3.550536e-05,8641.6,,
832,0.620123,3.547058e-05,8641.6,,
833,0.655225,3.543578e-05,8641.8,,
834,0.545107,3.540096e-05,8642.0,,
835,0.548622,3.536611e-05,8642.2,,
836,0.582332,3.533125e-05,8642.4,,
837,0.593632,3.529636e-05,8642.6,,
838,0.554030,3.526145e-05,8642.6,,
839,0.548196,3.522652e-05,8642.8,,
840,0.543074,3.519157e-05,8643.0,,
841,0.513216,3.515660e-05,8643.2,,
842,0.592773,3.512160e-05,8643.4,,
843,0.576537,3.508659e-05,8643.2,,
844,0.534225,3.505155e-05,8643.4,,
845,0.542877,3.501650e-05,8643.6,,
846,0.562514,3.498142e-05,8643.8,,
847,0.599995,3.494633e-05,8644.0,,
848,0.616981,3.491121e-05,8644.1,,
849,0.576908,3.487607e-05,8644.4,,
850,0.579953,3.484092e-05,8644.3,,
851,0.537957,3.480574e-05,8644.5,,
852,0.575763,3.477054e-05,8644.6,,
853,0.584263,3.473532e-05,8644.8,,
854,0.533810,3.470009e-05,8645.0,,
855,0.579036,3.466483e-05,8645.1,,
856,0.505472,3.462955e-05,8645.1,,
857,0.604002,3.459426e-05,8645.3,,
858,0.557792,3.455894e-05,8645.5,,
859,0.584858,3.452361e-05,8645.6,,
860,0.593487,3.448826e-05,8645.8,,
861,0.503580,3.445288e-05,8645.7,,
862,0.601445,3.441749e-05,8645.9,,
863,0.540130,3.438208e-05,8646.1,,
864,0.582246,3.434665e-05,8646.3,,
865,0.557717,3.431120e-05,8646.5,,
866,0.568621,3.427574e-05,8646.6,,
867,0.577026,3.424025e-05,8646.8,,
868,0.574022,3.420475e-05,8646.7,,
869,0.554221,3.416922e-05,8646.9,,
870,0.534124,3.413368e-05,8647.1,,
871,0.538383,3.409813e-05,8647.3,,
872,0.485118,3.406255e-05,8647.5,,
873,0.526339,3.402695e-05,8647.7,,
874,0.542119,3.399134e-05,8647.7,,
875,0.541643,3.395571e-05,8647.9,,
876,0.589458,3.392007e-05,8648.1,,
877,0.521424,3.388440e-05,8648.3,,
878,0.556496,3.384872e-05,8648.4,,
879,0.581019,3.381302e-05,8648.4,,
880,0.555988,3.377730e-05,8648.5,,
881,0.538335,3.374157e-05,8648.7,,
882,0.555482,3.370581e-05,8648.9,,
883,0.565011,3.367005e-05,8649.1,,
884,0.558210,3.363426e-05,8649.3,,
885,0.561498,3.359846e-05,8649.5,,
886,0.579852,3.356264e-05,8649.4,,
887,0.536063,3.352680e-05,8649.6,,
888,0.542153,3.349095e-05,8649.7,,
889,0.551624,3.345508e-05,8649.9,,
890,0.548929,3.341920e-05,8650.1,,
891,0.522197,3.338330e-05,8650.2,,
892,0.586589,3.334738e-05,8650.2,,
893,0.580999,3.331145e-05,8650.4,,
894,0.584033,3.327550e-05,8650.5,,
895,0.543493,3.323954e-05,8650.7,,
896,0.558189,3.320356e-05,8650.8,,
897,0.499259,3.316756e-05,8650.8,,
898,0.523009,3.313155e-05,8651.0,,
899,0.587276,3.309552e-05,8651.2,,
900,0.552616,3.305948e-05,8651.3,19.133,0.4153
901,0.556306,3.302342e-05,8646.5,,
902,0.576414,3.298735e-05,8646.7,,
903,0.554142,3.295126e-05,8646.9,,
904,0.547897,3.291516e-05,8646.8,,
905,0.553827,3.287905e-05,8647.0,,
906,0.587472,3.284291e-05,8647.1,,
907,0.560105,3.280677e-05,8647.3,,
908,0.604190,3.277061e-05,8647.5,,
909,0.591251,3.273443e-05,8647.7,,
910,0.581716,3.269824e-05,8647.6,,
911,0.554253,3.266204e-05,8647.8,,
912,0.592681,3.262582e-05,8647.9,,
913,0.541490,3.258959e-05,8648.1,,
914,0.505286,3.255334e-05,8648.3,,
915,0.563454,3.251708e-05,8648.5,,
916,0.539065,3.248081e-05,8648.5,,
917,0.554358,3.244452e-05,8648.6,,
918,0.532564,3.240822e-05,8648.8,,
919,0.652222,3.237191e-05,8649.0,,
920,0.562049,3.233558e-05,8649.2,,
921,0.542515,3.229924e-05,8649.3,,
922,0.527454,3.226289e-05,8649.2,,
923,0.553395,3.222652e-05,8649.4,,
924,0.542006,3.219014e-05,8649.6,,
925,0.531975,3.215375e-05,8649.8,,
926,0.585280,3.211735e-05,8650.0,,
927,0.593348,3.208093e-05,8650.1,,
928,0.566713,3.204450e-05,8650.1,,
929,0.500487,3.200806e-05,8650.3,,
930,0.603637,3.197160e-05,8650.4,,
931,0.564648,3.193513e-05,8650.6,,
932,0.551415,3.189865e-05,8650.7,,
933,0.540274,3.186216e-05,8650.9,,
934,0.575022,3.182566e-05,8650.8,,
935,0.503401,3.178914e-05,8651.0,,
936,0.514779,3.175262e-05,8651.1,,
937,0.559397,3.171608e-05,8651.3,,
938,0.576681,3.167953e-05,8651.5,,
939,0.570958,3.164297e-05,8651.7,,
940,0.551521,3.160640e-05,8651.8,,
941,0.530131,3.156981e-05,8651.7,,
942,0.537567,3.153322e-05,8651.9,,
943,0.536203,3.149661e-05,8652.1,,
944,0.557433,3.145999e-05,8651.9,,
945,0.532046,3.142337e-05,8652.1,,
946,0.502394,3.138673e-05,8652.4,,
947,0.517143,3.135008e-05,8652.4,,
948,0.494511,3.131342e-05,8652.7,,
949,0.540407,3.127675e-05,8652.9,,
950,0.595296,3.124007e-05,8653.0,,
951,0.552097,3.120338e-05,8653.2,,
952,0.496744,3.116668e-05,8653.1,,
953,0.549196,3.112997e-05,8653.3,,
954,0.535266,3.109325e-05,8653.4,,
955,0.592677,3.105652e-05,8653.6,,
956,0.572167,3.101978e-05,8653.7,,
957,0.520017,3.098303e-05,8653.9,,
958,0.546340,3.094627e-05,8654.1,,
959,0.575244,3.090950e-05,8654.0,,
960,0.515520,3.087272e-05,8654.1,,
961,0.515084,3.083593e-05,8654.3,,
962,0.603744,3.079914e-05,8654.4,,
963,0.548532,3.076233e-05,8654.6,,
964,0.509354,3.072552e-05,8654.7,,
965,0.500687,3.068869e-05,8654.7,,
966,0.535428,3.065186e-05,8654.8,,
967,0.534069,3.061502e-05,8655.0,,
968,0.544121,3.057817e-05,8655.2,,
969,0.526157,3.054131e-05,8655.3,,
970,0.529802,3.050445e-05,8655.2,,
971,0.571266,3.046757e-05,8655.4,,
972,0.556414,3.043069e-05,8655.5,,
973,0.538953,3.039380e-05,8655.7,,
974,0.581494,3.035690e-05,8655.9,,
975,0.540036,3.032000e-05,8656.0,,
976,0.571890,3.028308e-05,8656.2,,
977,0.568240,3.024616e-05,8656.1,,
978,0.581675,3.020923e-05,8656.3,,
979,0.536775,3.017230e-05,8656.4,,
980,0.541996,3.013535e-05,8656.6,,
981,0.574811,3.009840e-05,8656.8,,
982,0.552880,3.006145e-05,8656.9,,
983,0.568096,3.002448e-05,8656.8,,
984,0.554101,2.998751e-05,8657.0,,
985,0.504479,2.995053e-05,8657.2,,
986,0.553769,2.991355e-05,8657.4,,
987,0.549567,2.987656e-05,8657.5,,
988,0.515849,2.983956e-05,8657.4,,
989,0.557172,2.980255e-05,8657.6,,
990,0.548758,2.976554e-05,8657.7,,
991,0.556482,2.972852e-05,8657.9,,
992,0.565595,2.969150e-05,8658.1,,
993,0.555277,2.965447e-05,8658.0,,
994,0.547981,2.961744e-05,8658.1,,
995,0.531831,2.958040e-05,8658.3,,
996,0.556372,2.954335e-05,8658.4,,
997,0.519279,2.950630e-05,8658.6,,
998,0.688033,2.946924e-05,8658.7,,
999,0.517933,2.943218e-05,8658.9,,
1000,0.522652,2.939511e-05,8658.8,18.821,0.4039
1001,0.618098,2.935804e-05,8654.5,,
1002,0.556858,2.932096e-05,8654.6,,
1003,0.587453,2.928387e-05,8654.8,,
1004,0.560980,2.924678e-05,8654.9,,
1005,0.501575,2.920969e-05,8655.1,,
1006,0.556492,2.917259e-05,8655.0,,
1007,0.505868,2.913549e-05,8655.1,,
1008,0.565483,2.909838e-05,8655.3,,
1009,0.541890,2.906127e-05,8655.5,,
1010,0.523224,2.902416e-05,8655.6,,
1011,0.560149,2.898704e-05,8655.7,,
1012,0.551580,2.894991e-05,8655.6,,
1013,0.550540,2.891279e-05,8655.8,,
1014,0.581863,2.887566e-05,8655.9,,
1015,0.518787,2.883852e-05,8656.1,,
1016,0.523625,2.880138e-05,8656.3,,
1017,0.558981,2.876424e-05,8656.2,,
1018,0.519002,2.872709e-05,8656.3,,
1019,0.555955,2.868994e-05,8656.5,,
1020,0.525191,2.865279e-05,8656.6,,
1021,0.559771,2.861563e-05,8656.7,,
1022,0.577000,2.857848e-05,8656.9,,
1023,0.524528,2.854131e-05,8656.8,,
1024,0.553127,2.850415e-05,8657.0,,
1025,0.557042,2.846698e-05,8657.1,,
1026,0.527709,2.842981e-05,8657.2,,
1027,0.503716,2.839264e-05,8657.4,,
1028,0.530585,2.835546e-05,8657.6,,
1029,0.542846,2.831829e-05,8657.5,,
1030,0.564338,2.828111e-05,8657.6,,
1031,0.489956,2.824393e-05,8657.8,,
1032,0.723514,2.820674e-05,8658.0,,
1033,0.538340,2.816956e-05,8658.1,,
1034,0.578823,2.813237e-05,8658.0,,
1035,0.564171,2.809518e-05,8658.1,,
1036,0.562772,2.805799e-05,8658.3,,
1037,0.583503,2.802080e-05,8658.5,,
1038,0.499185,2.798360e-05,8658.6,,
1039,0.557242,2.794641e-05,8658.8,,
1040,0.521186,2.790921e-05,8658.9,,
1041,0.571561,2.787201e-05,8658.8,,
1042,0.524026,2.783482e-05,8659.0,,
1043,0.570974,2.779762e-05,8659.1,,
1044,0.548172,2.776042e-05,8659.2,,
1045,0.500874,2.772321e-05,8659.4,,
1046,0.602383,2.768601e-05,8659.5,,
1047,0.547515,2.764881e-05,8659.5,,
1048,0.526292,2.761161e-05,8659.6,,
1049,0.546043,2.757441e-05,8659.8,,
1050,0.502939,2.753720e-05,8659.9,,
1051,0.524698,2.750000e-05,8660.1,,
1052,0.580890,2.746280e-05,8659.9,,
1053,0.535716,2.742559e-05,8660.1,,
1054,0.572123,2.738839e-05,8660.2,,
1055,0.576727,2.735119e-05,8660.4,,
1056,0.508617,2.731399e-05,8660.5,,
1057,0.513052,2.727679e-05,8660.7,,
1058,0.552567,2.723958e-05,8660.8,,
1059,0.682207,2.720238e-05,8660.7,,
1060,0.567732,2.716518e-05,8660.8,,
1061,0.524191,2.712799e-05,8661.0,,
1062,0.523929,2.709079e-05,8661.1,,
1063,0.567578,2.705359e-05,8661.2,,
1064,0.575173,2.701640e-05,8661.4,,
1065,0.548625,2.697920e-05,8661.3,,
1066,0.532457,2.694201e-05,8661.5,,
1067,0.571778,2.690482e-05,8661.6,,
1068,0.643735,2.686763e-05,8661.7,,
1069,0.551181,2.683044e-05,8661.9,,
1070,0.540330,2.679326e-05,8662.0,,
1071,0.545220,2.675607e-05,8661.9,,
1072,0.561420,2.671889e-05,8662.1,,
1073,0.551137,2.668171e-05,8662.2,,
1074,0.522463,2.664454e-05,8662.4,,
1075,0.558566,2.660736e-05,8662.5,,
1076,0.523681,2.657019e-05,8662.6,,
1077,0.531396,2.653302e-05,8662.5,,
1078,0.551589,2.649585e-05,8662.7,,
1079,0.554149,2.645869e-05,8662.8,,
1080,0.564349,2.642152e-05,8663.0,,
1081,0.520706,2.638437e-05,8663.1,,
1082,0.582180,2.634721e-05,8663.2,,
1083,0.546101,2.631006e-05,8663.2,,
1084,0.512019,2.627291e-05,8663.3,,
1085,0.554176,2.623576e-05,8663.5,,
1086,0.545025,2.619862e-05,8663.6,,
1087,0.545155,2.616148e-05,8663.8,,
1088,0.517000,2.612434e-05,8663.9,,
1089,0.578474,2.608721e-05,8663.8,,
1090,0.525291,2.605009e-05,8663.9,,
1091,0.543060,2.601296e-05,8664.0,,
1092,0.484509,2.597584e-05,8664.2,,
1093,0.555200,2.593873e-05,8664.3,,
1094,0.530995,2.590162e-05,8664.4,,
1095,0.524055,2.586451e-05,8664.6,,
1096,0.578862,2.582741e-05,8664.5,,
1097,0.512972,2.579031e-05,8664.6,,
1098,0.724505,2.575322e-05,8664.7,,
1099,0.588616,2.571613e-05,8664.9,,
1100,0.527020,2.567904e-05,8665.0,18.851,0.4023
1101,0.530577,2.564196e-05,8661.0,,
1102,0.512475,2.560489e-05,8661.0,,
1103,0.534959,2.556782e-05,8661.1,,
1104,0.543304,2.553076e-05,8661.2,,
1105,0.550414,2.549370e-05,8661.4,,
1106,0.497424,2.545665e-05,8661.5,,
1107,0.526745,2.541960e-05,8661.4,,
1108,0.513119,2.538256e-05,8661.6,,
1109,0.568920,2.534553e-05,8661.7,,
1110,0.524329,2.530850e-05,8661.8,,
1111,0.573742,2.527148e-05,8662.0,,
1112,0.500465,2.523446e-05,8662.1,,
1113,0.499039,2.519745e-05,8662.1,,
1114,0.503896,2.516044e-05,8662.2,,
1115,0.514937,2.512344e-05,8662.3,,
1116,0.509322,2.508645e-05,8662.5,,
1117,0.496850,2.504947e-05,8662.6,,
1118,0.513651,2.501249e-05,8662.7,,
1119,0.529475,2.497552e-05,8662.6,,
1120,0.527176,2.493855e-05,8662.7,,
1121,0.530152,2.490160e-05,8662.9,,
1122,0.523045,2.486465e-05,8663.0,,
1123,0.562982,2.482770e-05,8663.1,,
1124,0.549074,2.479077e-05,8663.3,,
1125,0.534603,2.475384e-05,8663.1,,
1126,0.514043,2.471692e-05,8663.3,,
1127,0.573010,2.468000e-05,8663.4,,
1128,0.555047,2.464310e-05,8663.5,,
1129,0.483146,2.460620e-05,8663.7,,
1130,0.523678,2.456931e-05,8663.8,,
1131,0.597206,2.453243e-05,8663.8,,
1132,0.547288,2.449555e-05,8663.9,,
1133,0.511861,2.445869e-05,8664.0,,
1134,0.545098,2.442183e-05,8664.2,,
1135,0.532137,2.438498e-05,8664.3,,
1136,0.548316,2.434814e-05,8664.4,,
1137,0.526199,2.431131e-05,8664.4,,
1138,0.527378,2.427448e-05,8664.5,,
1139,0.530763,2.423767e-05,8664.7,,
1140,0.522630,2.420086e-05,8664.8,,
1141,0.558827,2.416407e-05,8664.9,,
1142,0.572358,2.412728e-05,8664.8,,
1143,0.517598,2.409050e-05,8664.9,,
1144,0.544595,2.405373e-05,8665.0,,
1145,0.556984,2.401697e-05,8665.2,,
1146,0.602596,2.398022e-05,8665.3,,
1147,0.537972,2.394348e-05,8665.4,,
1148,0.591403,2.390675e-05,8665.5,,
1149,0.539942,2.387003e-05,8665.5,,
1150,0.553971,2.383332e-05,8665.6,,
1151,0.544996,2.379662e-05,8665.7,,
1152,0.539782,2.375993e-05,8665.8,,
1153,0.533801,2.372325e-05,8666.0,,
1154,0.534216,2.368658e-05,8666.1,,
1155,0.441248,2.364992e-05,8666.0,,
1156,0.502197,2.361327e-05,8666.1,,
1157,0.527772,2.357663e-05,8666.2,,
1158,0.525375,2.354001e-05,8666.3,,
1159,0.512396,2.350339e-05,8666.5,,
1160,0.544735,2.346678e-05,8666.4,,
1161,0.614403,2.343019e-05,8666.5,,
1162,0.504736,2.339360e-05,8666.6,,
1163,0.504288,2.335703e-05,8666.7,,
1164,0.526504,2.332047e-05,8666.8,,
1165,0.576156,2.328392e-05,8667.0,,
1166,0.567050,2.324738e-05,8667.1,,
1167,0.531414,2.321086e-05,8667.0,,
1168,0.558979,2.317434e-05,8667.1,,
1169,0.535012,2.313784e-05,8667.2,,
1170,0.527632,2.310135e-05,8667.4,,
1171,0.467720,2.306487e-05,8667.5,,
1172,0.592954,2.302840e-05,8667.6,,
1173,0.530480,2.299194e-05,8667.6,,
1174,0.511975,2.295550e-05,8667.7,,
1175,0.514719,2.291907e-05,8667.8,,
1176,0.485995,2.288265e-05,8667.9,,
1177,0.501126,2.284625e-05,8668.0,,
1178,0.553229,2.280986e-05,8668.0,,
1179,0.566114,2.277348e-05,8668.1,,
1180,0.577816,2.273711e-05,8668.2,,
1181,0.510949,2.270076e-05,8668.3,,
1182,0.545425,2.266442e-05,8668.4,,
1183,0.505198,2.262809e-05,8668.5,,
1184,0.530305,2.259178e-05,8668.4,,
1185,0.534898,2.255548e-05,8668.6,,
1186,0.492444,2.251919e-05,8668.7,,
1187,0.491277,2.248292e-05,8668.8,,
1188,0.510103,2.244666e-05,8668.9,,
1189,0.521358,2.241041e-05,8669.1,,
1190,0.515687,2.237418e-05,8669.0,,
1191,0.542253,2.233796e-05,8669.1,,
1192,0.524910,2.230176e-05,8669.2,,
1193,0.484603,2.226557e-05,8669.3,,
1194,0.559918,2.222939e-05,8669.5,,
1195,0.536141,2.219323e-05,8669.6,,
1196,0.498899,2.215709e-05,8669.5,,
1197,0.565327,2.212095e-05,8669.6,,
1198,0.533945,2.208484e-05,8669.7,,
1199,0.517866,2.204874e-05,8669.8,,
1200,0.515615,2.201265e-05,8669.9,18.675,0.3903
1201,0.548214,2.197658e-05,8666.3,,
1202,0.525528,2.194052e-05,8666.2,,
1203,0.520783,2.190448e-05,8666.4,,
1204,0.544965,2.186845e-05,8666.4,,
1205,0.529720,2.183244e-05,8666.6,,
1206,0.531155,2.179644e-05,8666.7,,
1207,0.520880,2.176046e-05,8666.8,,
1208,0.500474,2.172450e-05,8666.8,,
1209,0.506569,2.168855e-05,8667.0,,
1210,0.472757,2.165262e-05,8667.1,,
1211,0.483785,2.161670e-05,8667.2,,
1212,0.513050,2.158080e-05,8667.3,,
1213,0.488880,2.154492e-05,8667.4,,
1214,0.485975,2.150905e-05,8667.4,,
1215,0.551636,2.147320e-05,8667.5,,
1216,0.526497,2.143736e-05,8667.6,,
1217,0.528206,2.140154e-05,8667.7,,
1218,0.510856,2.136574e-05,8667.8,,
1219,0.502408,2.132995e-05,8668.0,,
1220,0.573664,2.129419e-05,8667.9,,
1221,0.606752,2.125843e-05,8668.0,,
1222,0.525624,2.122270e-05,8668.1,,
1223,0.502475,2.118698e-05,8668.2,,
1224,0.550389,2.115128e-05,8668.4,,
1225,0.550446,2.111560e-05,8668.5,,
1226,0.494989,2.107993e-05,8668.4,,
1227,0.512112,2.104429e-05,8668.6,,
1228,0.534204,2.100866e-05,8668.6,,
1229,0.517571,2.097305e-05,8668.8,,
1230,0.529484,2.093745e-05,8668.9,,
1231,0.498041,2.090187e-05,8669.0,,
1232,0.494647,2.086632e-05,8668.9,,
1233,0.501952,2.083078e-05,8669.0,,
1234,0.553246,2.079525e-05,8669.1,,
1235,0.535257,2.075975e-05,8669.2,,
1236,0.560482,2.072426e-05,8669.3,,
1237,0.492086,2.068880e-05,8669.4,,
1238,0.506763,2.065335e-05,8669.6,,
1239,0.675922,2.061792e-05,8669.4,,
1240,0.542179,2.058251e-05,8669.6,,
1241,0.530653,2.054712e-05,8669.7,,
1242,0.522015,2.051174e-05,8669.8,,
1243,0.523186,2.047639e-05,8669.9,,
1244,0.518319,2.044106e-05,8670.0,,
1245,0.530073,2.040574e-05,8670.0,,
1246,0.525347,2.037045e-05,8670.1,,
1247,0.528303,2.033517e-05,8670.2,,
1248,0.558074,2.029991e-05,8670.3,,
1249,0.555748,2.026468e-05,8670.4,,
1250,0.519819,2.022946e-05,8670.4,,
1251,0.545650,2.019426e-05,8670.5,,
1252,0.508246,2.015908e-05,8670.6,,
1253,0.490704,2.012393e-05,8670.7,,
1254,0.520413,2.008879e-05,8670.8,,
1255,0.528226,2.005367e-05,8670.9,,
1256,0.521883,2.001858e-05,8671.0,,
1257,0.504981,1.998350e-05,8671.0,,
1258,0.551273,1.994845e-05,8671.1,,
1259,0.560740,1.991341e-05,8671.2,,
1260,0.588747,1.987840e-05,8671.3,,
1261,0.555335,1.984340e-05,8671.4,,
1262,0.564147,1.980843e-05,8671.5,,
1263,0.532243,1.977348e-05,8671.5,,
1264,0.523267,1.973855e-05,8671.6,,
1265,0.612679,1.970364e-05,8671.8,,
1266,0.522114,1.966875e-05,8671.9,,
1267,0.523495,1.963389e-05,8672.0,,
1268,0.513601,1.959904e-05,8671.9,,
1269,0.599424,1.956422e-05,8672.0,,
1270,0.523042,1.952942e-05,8672.1,,
1271,0.564562,1.949464e-05,8672.2,,
1272,0.582909,1.945988e-05,8672.4,,
1273,0.513738,1.942515e-05,8672.5,,
1274,0.519657,1.939043e-05,8672.6,,
1275,0.552966,1.935574e-05,8672.5,,
1276,0.509990,1.932107e-05,8672.6,,
1277,0.512902,1.928642e-05,8672.7,,
1278,0.544284,1.925180e-05,8672.8,,
1279,0.515393,1.921720e-05,8672.9,,
1280,0.509668,1.918262e-05,8673.0,,
1281,0.520700,1.914806e-05,8673.0,,
1282,0.496572,1.911353e-05,8673.1,,
1283,0.517408,1.907902e-05,8673.2,,
1284,0.528636,1.904453e-05,8673.3,,
1285,0.504853,1.901007e-05,8673.4,,
1286,0.546736,1.897562e-05,8673.5,,
1287,0.531089,1.894121e-05,8673.5,,
1288,0.494724,1.890681e-05,8673.6,,
1289,0.618551,1.887244e-05,8673.7,,
1290,0.552574,1.883809e-05,8673.8,,
1291,0.475168,1.880377e-05,8673.9,,
1292,0.505136,1.876947e-05,8674.1,,
1293,0.502783,1.873519e-05,8674.0,,
1294,0.514864,1.870094e-05,8674.1,,
1295,0.576132,1.866671e-05,8674.2,,
1296,0.563637,1.863251e-05,8674.3,,
1297,0.531805,1.859833e-05,8674.4,,
1298,0.525114,1.856417e-05,8674.5,,
1299,0.494230,1.853004e-05,8674.5,,
1300,0.542428,1.849593e-05,8674.6,18.501,0.3825
1301,0.536966,1.846185e-05,8671.2,,
1302,0.548076,1.842780e-05,8671.3,,
1303,0.512946,1.839376e-05,8671.4,,
1304,0.507770,1.835976e-05,8671.5,,
1305,0.550511,1.832577e-05,8671.4,,
1306,0.526273,1.829182e-05,8671.5,,
1307,0.534607,1.825788e-05,8671.6,,
1308,0.509325,1.822398e-05,8671.7,,
1309,0.493290,1.819009e-05,8671.8,,
1310,0.485949,1.815624e-05,8671.9,,
1311,0.528966,1.812241e-05,8671.9,,
1312,0.531380,1.808860e-05,8672.0,,
1313,0.516402,1.805482e-05,8672.1,,
1314,0.509133,1.802107e-05,8672.2,,
1315,0.571427,1.798734e-05,8672.3,,
1316,0.519357,1.795364e-05,8672.4,,
1317,0.519079,1.791997e-05,8672.4,,
1318,0.551803,1.788632e-05,8672.5,,
1319,0.512309,1.785269e-05,8672.6,,
1320,0.510871,1.781910e-05,8672.7,,
1321,0.501529,1.778553e-05,8672.8,,
1322,0.517637,1.775198e-05,8672.9,,
1323,0.499973,1.771847e-05,8672.8,,
1324,0.537015,1.768498e-05,8672.9,,
1325,0.525970,1.765151e-05,8673.0,,
1326,0.507662,1.761808e-05,8673.1,,
1327,0.504331,1.758467e-05,8673.2,,
1328,0.450312,1.755129e-05,8673.1,,
1329,0.530311,1.751793e-05,8673.2,,
1330,0.479703,1.748460e-05,8673.3,,
1331,0.510803,1.745130e-05,8673.4,,
1332,0.523948,1.741803e-05,8673.5,,
1333,0.522280,1.738478e-05,8673.6,,
1334,0.570756,1.735157e-05,8673.6,,
1335,0.584184,1.731838e-05,8673.7,,
1336,0.537185,1.728521e-05,8673.8,,
1337,0.527498,1.725208e-05,8673.9,,
1338,0.504954,1.721897e-05,8674.0,,
1339,0.542261,1.718590e-05,8674.1,,
1340,0.493030,1.715285e-05,8674.0,,
1341,0.485738,1.711982e-05,8674.1,,
1342,0.518702,1.708683e-05,8674.2,,
1343,0.523100,1.705387e-05,8674.3,,
1344,0.513325,1.702093e-05,8674.4,,
1345,0.516726,1.698802e-05,8674.5,,
1346,0.476667,1.695514e-05,8674.4,,
1347,0.537607,1.692229e-05,8674.5,,
1348,0.527809,1.688947e-05,8674.5,,
1349,0.500293,1.685668e-05,8674.7,,
1350,0.500666,1.682392e-05,8674.8,,
1351,0.490999,1.679118e-05,8674.7,,
1352,0.502090,1.675848e-05,8674.8,,
1353,0.507811,1.672580e-05,8674.9,,
1354,0.492824,1.669316e-05,8675.0,,
1355,0.567758,1.666054e-05,8675.1,,
1356,0.509395,1.662796e-05,8675.2,,
1357,0.501863,1.659540e-05,8675.3,,
1358,0.508609,1.656287e-05,8675.1,,
1359,0.490604,1.653038e-05,8675.2,,
1360,0.510050,1.649791e-05,8675.3,,
1361,0.550527,1.646547e-05,8675.4,,
1362,0.482983,1.643306e-05,8675.5,,
1363,0.542882,1.640069e-05,8675.6,,
1364,0.546271,1.636834e-05,8675.5,,
1365,0.599901,1.633603e-05,8675.6,,
1366,0.502259,1.630374e-05,8675.7,,
1367,0.531748,1.627149e-05,8675.8,,
1368,0.498924,1.623926e-05,8675.9,,
1369,0.516075,1.620707e-05,8675.8,,
1370,0.496900,1.617491e-05,8675.9,,
1371,0.492646,1.614278e-05,8676.0,,
1372,0.482540,1.611068e-05,8676.1,,
1373,0.486004,1.607861e-05,8676.2,,
1374,0.557298,1.604657e-05,8676.2,,
1375,0.491738,1.601456e-05,8676.2,,
1376,0.508367,1.598259e-05,8676.4,,
1377,0.517080,1.595064e-05,8676.5,,
1378,0.505321,1.591873e-05,8676.5,,
1379,0.499619,1.588685e-05,8676.6,,
1380,0.512733,1.585500e-05,8676.7,,
1381,0.490708,1.582318e-05,8676.6,,
1382,0.600350,1.579140e-05,8676.7,,
1383,0.518546,1.575965e-05,8676.8,,
1384,0.530212,1.572793e-05,8676.9,,
1385,0.527772,1.569624e-05,8677.0,,
1386,0.511771,1.566458e-05,8677.1,,
1387,0.501212,1.563296e-05,8677.0,,
1388,0.504403,1.560137e-05,8677.1,,
1389,0.542757,1.556981e-05,8677.2,,
1390,0.511705,1.553828e-05,8677.3,,
1391,0.475509,1.550679e-05,8677.4,,
1392,0.479767,1.547533e-05,8677.3,,
1393,0.484011,1.544390e-05,8677.4,,
1394,0.540551,1.541250e-05,8677.5,,
1395,0.537762,1.538114e-05,8677.6,,
1396,0.507742,1.534981e-05,8677.7,,
1397,0.455824,1.531852e-05,8677.8,,
1398,0.453880,1.528725e-05,8677.9,,
1399,0.511100,1.525602e-05,8677.8,,
1400,0.573383,1.522483e-05,8677.9,18.357,0.3747
1401,0.506231,1.519367e-05,8674.8,,
1402,0.504639,1.516254e-05,8674.9,,
1403,0.546059,1.513144e-05,8675.0,,
1404,0.546198,1.510038e-05,8675.1,,
1405,0.492616,1.506936e-05,8675.0,,
1406,0.739039,1.503836e-05,8675.1,,
1407,0.511428,1.500740e-05,8675.2,,
1408,0.563698,1.497648e-05,8675.3,,
1409,0.538972,1.494559e-05,8675.4,,
1410,0.495954,1.491473e-05,8675.3,,
1411,0.503408,1.488391e-05,8675.4,,
1412,0.472306,1.485312e-05,8675.5,,
1413,0.510793,1.482237e-05,8675.6,,
1414,0.543523,1.479165e-05,8675.7,,
1415,0.649579,1.476097e-05,8675.8,,
1416,0.520353,1.473032e-05,8675.9,,
1417,0.481127,1.469971e-05,8675.8,,
1418,0.552815,1.466913e-05,8675.9,,
1419,0.557845,1.463859e-05,8676.0,,
1420,0.491105,1.460808e-05,8676.1,,
1421,0.497392,1.457761e-05,8676.2,,
1422,0.503579,1.454717e-05,8676.3,,
1423,0.493482,1.451677e-05,8676.3,,
1424,0.537263,1.448640e-05,8676.3,,
1425,0.506674,1.445607e-05,8676.4,,
1426,0.509965,1.442577e-05,8676.5,,
1427,0.512470,1.439551e-05,8676.6,,
1428,0.503011,1.436529e-05,8676.5,,
1429,0.516650,1.433510e-05,8676.6,,
1430,0.501559,1.430495e-05,8676.7,,
1431,0.516893,1.427483e-05,8676.8,,
1432,0.500890,1.424475e-05,8676.9,,
1433,0.513534,1.421471e-05,8677.0,,
1434,0.511397,1.418470e-05,8677.1,,
1435,0.484311,1.415473e-05,8677.0,,
1436,0.478933,1.412480e-05,8677.1,,
1437,0.534349,1.409490e-05,8677.2,,
1438,0.505643,1.406504e-05,8677.3,,
1439,0.497978,1.403521e-05,8677.4,,
1440,0.491053,1.400542e-05,8677.4,,
1441,0.679717,1.397567e-05,8677.4,,
1442,0.527086,1.394596e-05,8677.5,,
1443,0.493280,1.391628e-05,8677.6,,
1444,0.476901,1.388664e-05,8677.6,,
1445,0.543644,1.385704e-05,8677.8,,
1446,0.519884,1.382748e-05,8677.8,,
1447,0.523479,1.379795e-05,8677.8,,
1448,0.506437,1.376846e-05,8677.9,,
1449,0.480110,1.373901e-05,8678.0,,
1450,0.486344,1.370959e-05,8678.1,,
1451,0.585211,1.368021e-05,8678.2,,
1452,0.666253,1.365087e-05,8678.3,,
1453,0.474653,1.362157e-05,8678.2,,
1454,0.504842,1.359231e-05,8678.3,,
1455,0.525467,1.356308e-05,8678.4,,
1456,0.514985,1.353390e-05,8678.4,,
1457,0.521199,1.350475e-05,8678.5,,
1458,0.514565,1.347564e-05,8678.6,,
1459,0.534110,1.344656e-05,8678.6,,
1460,0.565855,1.341753e-05,8678.7,,
1461,0.560767,1.338853e-05,8678.8,,
1462,0.490073,1.335957e-05,8678.9,,
1463,0.518070,1.333066e-05,8678.9,,
1464,0.518765,1.330178e-05,8679.0,,
1465,0.501100,1.327293e-05,8678.9,,
1466,0.507873,1.324413e-05,8679.0,,
1467,0.512345,1.321537e-05,8679.1,,
1468,0.499207,1.318665e-05,8679.2,,
1469,0.558806,1.315796e-05,8679.3,,
1470,0.521323,1.312931e-05,8679.3,,
1471,0.508338,1.310071e-05,8679.4,,
1472,0.494407,1.307214e-05,8679.4,,
1473,0.443558,1.304361e-05,8679.5,,
1474,0.542420,1.301512e-05,8679.6,,
1475,0.487239,1.298668e-05,8679.6,,
1476,0.504240,1.295827e-05,8679.7,,
1477,0.507580,1.292990e-05,8679.8,,
1478,0.490228,1.290157e-05,8679.8,,
1479,0.500157,1.287328e-05,8679.9,,
1480,0.496591,1.284503e-05,8679.9,,
1481,0.477938,1.281682e-05,8680.0,,
1482,0.541417,1.278865e-05,8680.1,,
1483,0.599089,1.276052e-05,8680.1,,
1484,0.535763,1.273243e-05,8680.1,,
1485,0.493942,1.270439e-05,8680.2,,
1486,0.522445,1.267638e-05,8680.3,,
1487,0.533788,1.264841e-05,8680.4,,
1488,0.489686,1.262048e-05,8680.5,,
1489,0.449513,1.259260e-05,8680.6,,
1490,0.496295,1.256475e-05,8680.5,,
1491,0.505735,1.253695e-05,8680.6,,
1492,0.485284,1.250918e-05,8680.7,,
1493,0.511831,1.248146e-05,8680.8,,
1494,0.511010,1.245378e-05,8680.9,,
1495,0.484647,1.242614e-05,8680.9,,
1496,0.476757,1.239854e-05,8680.9,,
1497,0.525375,1.237098e-05,8681.0,,
1498,0.484413,1.234347e-05,8681.1,,
1499,0.509178,1.231599e-05,8681.2,,
1500,0.505846,1.228856e-05,8681.3,18.094,0.3628
1501,0.506491,1.226116e-05,8678.2,,
1502,0.521560,1.223381e-05,8678.2,,
1503,0.622883,1.220651e-05,8678.3,,
1504,0.550278,1.217924e-05,8678.5,,
1505,0.431234,1.215201e-05,8678.5,,
1506,0.553271,1.212483e-05,8678.6,,
1507,0.461250,1.209769e-05,8678.7,,
1508,0.485131,1.207059e-05,8678.6,,
1509,0.502164,1.204353e-05,8678.7,,
1510,0.499645,1.201652e-05,8678.8,,
1511,0.519158,1.198955e-05,8678.9,,
1512,0.502892,1.196262e-05,8679.0,,
1513,0.502753,1.193573e-05,8679.1,,
1514,0.496552,1.190889e-05,8679.1,,
1515,0.513056,1.188208e-05,8679.1,,
1516,0.506774,1.185533e-05,8679.2,,
1517,0.537307,1.182861e-05,8679.3,,
1518,0.526617,1.180194e-05,8679.4,,
1519,0.492047,1.177530e-05,8679.3,,
1520,0.547374,1.174872e-05,8679.4,,
1521,0.504405,1.172217e-05,8679.5,,
1522,0.497629,1.169567e-05,8679.6,,
1523,0.486772,1.166921e-05,8679.7,,
1524,0.494082,1.164280e-05,8679.6,,
1525,0.496042,1.161643e-05,8679.8,,
1526,0.472685,1.159010e-05,8679.8,,
1527,0.476106,1.156381e-05,8679.8,,
1528,0.510808,1.153757e-05,8679.9,,
1529,0.505004,1.151137e-05,8680.0,,
1530,0.523609,1.148522e-05,8680.1,,
1531,0.714265,1.145911e-05,8680.2,,
1532,0.486577,1.143304e-05,8680.1,,
1533,0.505571,1.140702e-05,8680.2,,
1534,0.513452,1.138104e-05,8680.3,,
1535,0.578903,1.135511e-05,8680.4,,
1536,0.510982,1.132922e-05,8680.5,,
1537,0.481355,1.130337e-05,8680.5,,
1538,0.505189,1.127757e-05,8680.4,,
1539,0.530826,1.125181e-05,8680.5,,
1540,0.521284,1.122610e-05,8680.6,,
1541,0.529843,1.120043e-05,8680.7,,
1542,0.507382,1.117481e-05,8680.8,,
1543,0.464578,1.114923e-05,8680.7,,
1544,0.540745,1.112370e-05,8680.8,,
1545,0.517471,1.109821e-05,8680.9,,
1546,0.479043,1.107276e-05,8681.0,,
1547,0.470182,1.104736e-05,8681.0,,
1548,0.516158,1.102201e-05,8681.1,,
1549,0.461113,1.099670e-05,8681.0,,
1550,0.501845,1.097143e-05,8681.1,,
1551,0.472389,1.094621e-05,8681.2,,
1552,0.508350,1.092104e-05,8681.3,,
1553,0.474426,1.089591e-05,8681.4,,
1554,0.477193,1.087083e-05,8681.5,,
1555,0.474280,1.084579e-05,8681.3,,
1556,0.442364,1.082079e-05,8681.5,,
1557,0.477086,1.079585e-05,8681.6,,
1558,0.527559,1.077095e-05,8681.6,,
1559,0.504619,1.074609e-05,8681.7,,
1560,0.483119,1.072128e-05,8681.7,,
1561,0.558746,1.069652e-05,8681.7,,
1562,0.531632,1.067180e-05,8681.8,,
1563,0.508755,1.064713e-05,8681.9,,
1564,0.528876,1.062250e-05,8682.0,,
1565,0.557040,1.059792e-05,8682.1,,
1566,0.475610,1.057339e-05,8682.2,,
1567,0.479273,1.054890e-05,8682.1,,
1568,0.484459,1.052446e-05,8682.2,,
1569,0.506865,1.050006e-05,8682.3,,
1570,0.498273,1.047572e-05,8682.3,,
1571,0.487876,1.045142e-05,8682.4,,
1572,0.521351,1.042716e-05,8682.5,,
1573,0.489890,1.040295e-05,8682.5,,
1574,0.504049,1.037879e-05,8682.5,,
1575,0.515322,1.035468e-05,8682.6,,
1576,0.492629,1.033061e-05,8682.7,,
1577,0.485382,1.030659e-05,8682.8,,
1578,0.464142,1.028261e-05,8682.7,,
1579,0.543863,1.025869e-05,8682.8,,
1580,0.472008,1.023481e-05,8682.9,,
1581,0.502071,1.021098e-05,8682.9,,
1582,0.508071,1.018719e-05,8683.0,,
1583,0.494884,1.016345e-05,8683.1,,
1584,0.526259,1.013976e-05,8683.2,,
1585,0.512832,1.011612e-05,8683.1,,
1586,0.491557,1.009252e-05,8683.2,,
1587,0.438324,1.006898e-05,8683.2,,
1588,0.498056,1.004548e-05,8683.3,,
1589,0.461287,1.002202e-05,8683.4,,
1590,0.481939,9.998618e-06,8683.3,,
1591,0.556650,9.975261e-06,8683.4,,
1592,0.493467,9.951952e-06,8683.5,,
1593,0.490797,9.928691e-06,8683.6,,
1594,0.501107,9.905478e-06,8683.6,,
1595,0.495154,9.882314e-06,8683.7,,
1596,0.526961,9.859197e-06,8683.6,,
1597,0.504328,9.836129e-06,8683.7,,
1598,0.504620,9.813108e-06,8683.8,,
1599,0.473214,9.790137e-06,8683.9,,
1600,0.499418,9.767213e-06,8684.0,17.941,0.3543
1601,0.516388,9.744339e-06,8681.2,,
1602,0.497841,9.721512e-06,8681.2,,
1603,0.525566,9.698735e-06,8681.2,,
1604,0.446950,9.676005e-06,8681.3,,
1605,0.527106,9.653325e-06,8681.4,,
1606,0.483028,9.630694e-06,8681.5,,
1607,0.490668,9.608111e-06,8681.6,,
1608,0.508896,9.585577e-06,8681.5,,
1609,0.540050,9.563092e-06,8681.6,,
1610,0.535666,9.540657e-06,8681.7,,
1611,0.513313,9.518270e-06,8681.8,,
1612,0.532435,9.495933e-06,8681.8,,
1613,0.486182,9.473644e-06,8681.9,,
1614,0.472564,9.451405e-06,8681.8,,
1615,0.498552,9.429216e-06,8681.9,,
1616,0.494280,9.407076e-06,8682.0,,
1617,0.476893,9.384985e-06,8682.1,,
1618,0.460562,9.362944e-06,8682.2,,
1619,0.515356,9.340952e-06,8682.2,,
1620,0.496429,9.319010e-06,8682.3,,
1621,0.491312,9.297118e-06,8682.2,,
1622,0.574940,9.275275e-06,8682.3,,
1623,0.479368,9.253482e-06,8682.4,,
1624,0.459952,9.231740e-06,8682.5,,
1625,0.497812,9.210047e-06,8682.5,,
1626,0.547320,9.188404e-06,8682.6,,
1627,0.490740,9.166811e-06,8682.6,,
1628,0.504435,9.145268e-06,8682.7,,
1629,0.516989,9.123776e-06,8682.7,,
1630,0.540768,9.102334e-06,8682.8,,
1631,0.480742,9.080942e-06,8682.9,,
1632,0.507706,9.059600e-06,8682.8,,
1633,0.482690,9.038309e-06,8682.9,,
1634,0.532769,9.017068e-06,8682.9,,
1635,0.456397,8.995878e-06,8683.0,,
1636,0.495699,8.974738e-06,8683.1,,
1637,0.522157,8.953649e-06,8683.2,,
1638,0.469473,8.932611e-06,8683.1,,
1639,0.493071,8.911624e-06,8683.2,,
1640,0.480867,8.890687e-06,8683.3,,
1641,0.508537,8.869801e-06,8683.4,,
1642,0.522452,8.848966e-06,8683.4,,
1643,0.512051,8.828183e-06,8683.5,,
1644,0.486430,8.807450e-06,8683.4,,
1645,0.496860,8.786768e-06,8683.5,,
1646,0.541875,8.766138e-06,8683.6,,
1647,0.466902,8.745558e-06,8683.6,,
1648,0.510534,8.725030e-06,8683.7,,
1649,0.492875,8.704553e-06,8683.8,,
1650,0.499963,8.684128e-06,8683.7,,
1651,0.546448,8.663754e-06,8683.8,,
1652,0.524079,8.643432e-06,8683.9,,
1653,0.483043,8.623161e-06,8684.0,,
1654,0.495344,8.602942e-06,8684.0,,
1655,0.573608,8.582774e-06,8684.1,,
1656,0.502428,8.562658e-06,8684.0,,
1657,0.476704,8.542594e-06,8684.1,,
1658,0.474524,8.522582e-06,8684.2,,
1659,0.474268,8.502622e-06,8684.3,,
1660,0.487433,8.482713e-06,8684.4,,
1661,0.496015,8.462857e-06,8684.4,,
1662,0.504215,8.443052e-06,8684.4,,
1663,0.481284,8.423300e-06,8684.5,,
1664,0.498907,8.403600e-06,8684.6,,
1665,0.500658,8.383952e-06,8684.6,,
1666,0.498905,8.364356e-06,8684.7,,
1667,0.526686,8.344813e-06,8684.8,,
1668,0.488129,8.325322e-06,8684.7,,
1669,0.492749,8.305884e-06,8684.8,,
1670,0.451685,8.286498e-06,8684.9,,
1671,0.488119,8.267164e-06,8685.0,,
1672,0.518698,8.247883e-06,8685.0,,
1673,0.483916,8.228655e-06,8685.1,,
1674,0.467443,8.209479e-06,8685.0,,
1675,0.526876,8.190356e-06,8685.1,,
1676,0.505133,8.171286e-06,8685.2,,
1677,0.461963,8.152269e-06,8685.3,,
1678,0.536414,8.133304e-06,8685.3,,
1679,0.511127,8.114393e-06,8685.4,,
1680,0.518883,8.095535e-06,8685.4,,
1681,0.480128,8.076729e-06,8685.5,,
1682,0.519797,8.057977e-06,8685.5,,
1683,0.604440,8.039278e-06,8685.6,,
1684,0.527073,8.020632e-06,8685.7,,
1685,0.464975,8.002039e-06,8685.8,,
1686,0.475454,7.983500e-06,8685.7,,
1687,0.490228,7.965014e-06,8685.8,,
1688,0.448488,7.946581e-06,8685.8,,
1689,0.468040,7.928202e-06,8685.9,,
1690,0.521397,7.909877e-06,8685.8,,
1691,0.575771,7.891605e-06,8685.9,,
1692,0.573566,7.873386e-06,8686.1,,
1693,0.563629,7.855221e-06,8686.0,,
1694,0.558812,7.837110e-06,8686.1,,
1695,0.506730,7.819053e-06,8686.2,,
1696,0.483862,7.801049e-06,8686.3,,
1697,0.451772,7.783100e-06,8686.4,,
1698,0.501848,7.765204e-06,8686.4,,
1699,0.495750,7.747362e-06,8686.4,,
1700,0.511010,7.729574e-06,8686.5,17.821,0.3491
1701,0.523591,7.711841e-06,8683.9,,
1702,0.469070,7.694161e-06,8684.0,,
1703,0.519068,7.676535e-06,8684.1,,
1704,0.480046,7.658964e-06,8684.0,,
1705,0.477739,7.641447e-06,8684.0,,
1706,0.583282,7.623984e-06,8684.1,,
1707,0.518433,7.606576e-06,8684.2,,
1708,0.463408,7.589222e-06,8684.3,,
1709,0.520140,7.571922e-06,8684.3,,
1710,0.515090,7.554677e-06,8684.4,,
1711,0.492440,7.537487e-06,8684.3,,
1712,0.509372,7.520351e-06,8684.4,,
1713,0.518725,7.503269e-06,8684.5,,
1714,0.459313,7.486242e-06,8684.5,,
1715,0.475476,7.469270e-06,8684.6,,
1716,0.484794,7.452353e-06,8684.7,,
1717,0.549272,7.435491e-06,8684.6,,
1718,0.493782,7.418683e-06,8684.7,,
1719,0.518768,7.401931e-06,8684.8,,
1720,0.488973,7.385233e-06,8684.9,,
1721,0.495441,7.368590e-06,8684.9,,
1722,0.461169,7.352002e-06,8684.9,,
1723,0.495430,7.335470e-06,8684.9,,
1724,0.500374,7.318992e-06,8685.0,,
1725,0.579048,7.302570e-06,8685.1,,
1726,0.476742,7.286203e-06,8685.2,,
1727,0.488348,7.269891e-06,8685.2,,
1728,0.490095,7.253635e-06,8685.3,,
1729,0.582302,7.237433e-06,8685.2,,
1730,0.489525,7.221288e-06,8685.3,,
1731,0.513896,7.205197e-06,8685.4,,
1732,0.553010,7.189162e-06,8685.4,,
1733,0.485810,7.173183e-06,8685.5,,
1734,0.456239,7.157259e-06,8685.6,,
1735,0.505932,7.141391e-06,8685.6,,
1736,0.492671,7.125579e-06,8685.6,,
1737,0.497262,7.109822e-06,8685.7,,
1738,0.526672,7.094121e-06,8685.8,,
1739,0.506248,7.078476e-06,8685.9,,
1740,0.481469,7.062886e-06,8685.8,,
1741,0.503259,7.047353e-06,8685.9,,
1742,0.518152,7.031875e-06,8686.0,,
1743,0.492866,7.016454e-06,8686.0,,
1744,0.501438,7.001088e-06,8686.1,,
1745,0.468203,6.985778e-06,8686.2,,
1746,0.479278,6.970525e-06,8686.2,,
1747,0.503183,6.955328e-06,8686.2,,
1748,0.490749,6.940186e-06,8686.2,,
1749,0.474050,6.925101e-06,8686.3,,
1750,0.502707,6.910073e-06,8686.4,,
1751,0.490023,6.895100e-06,8686.5,,
1752,0.521342,6.880184e-06,8686.5,,
1753,0.472916,6.865324e-06,8686.4,,
1754,0.485184,6.850521e-06,8686.5,,
1755,0.475970,6.835774e-06,8686.6,,
1756,0.545554,6.821084e-06,8686.7,,
1757,0.519145,6.806450e-06,8686.7,,
1758,0.517614,6.791873e-06,8686.6,,
1759,0.469893,6.777352e-06,8686.7,,
1760,0.476155,6.762888e-06,8686.8,,
1761,0.508309,6.748481e-06,8686.8,,
1762,0.494525,6.734130e-06,8686.9,,
1763,0.484406,6.719836e-06,8687.0,,
1764,0.510210,6.705599e-06,8687.0,,
1765,0.513866,6.691419e-06,8687.0,,
1766,0.490251,6.677296e-06,8687.0,,
1767,0.485649,6.663229e-06,8687.1,,
1768,0.515970,6.649220e-06,8687.2,,
1769,0.493716,6.635268e-06,8687.3,,
1770,0.504159,6.621372e-06,8687.3,,
1771,0.488563,6.607534e-06,8687.3,,
1772,0.499788,6.593753e-06,8687.3,,
1773,0.504913,6.580029e-06,8687.4,,
1774,0.516165,6.566362e-06,8687.5,,
1775,0.489689,6.552753e-06,8687.5,,
1776,0.491186,6.539201e-06,8687.5,,
1777,0.481863,6.525706e-06,8687.5,,
1778,0.496373,6.512268e-06,8687.6,,
1779,0.493786,6.498888e-06,8687.7,,
1780,0.499354,6.485565e-06,8687.7,,
1781,0.422067,6.472300e-06,8687.8,,
1782,0.487412,6.459092e-06,8687.7,,
1783,0.516987,6.445941e-06,8687.8,,
1784,0.463178,6.432849e-06,8687.9,,
1785,0.505685,6.419813e-06,8688.0,,
1786,0.471428,6.406836e-06,8688.0,,
1787,0.501983,6.393916e-06,8688.1,,
1788,0.512783,6.381054e-06,8688.0,,
1789,0.516748,6.368249e-06,8688.1,,
1790,0.481409,6.355503e-06,8688.1,,
1791,0.541368,6.342814e-06,8688.2,,
1792,0.472378,6.330183e-06,8688.3,,
1793,0.501025,6.317610e-06,8688.4,,
1794,0.488250,6.305094e-06,8688.3,,
1795,0.521021,6.292637e-06,8688.3,,
1796,0.485509,6.280238e-06,8688.4,,
1797,0.492698,6.267896e-06,8688.5,,
1798,0.461525,6.255613e-06,8688.5,,
1799,0.470162,6.243388e-06,8688.5,,
1800,0.452803,6.231221e-06,8688.5,17.849,0.3495
1801,0.518137,6.219112e-06,8686.1,,
1802,0.525694,6.207061e-06,8686.2,,
1803,0.488878,6.195069e-06,8686.2,,
1804,0.503195,6.183135e-06,8686.3,,
1805,0.513890,6.171259e-06,8686.4,,
1806,0.486325,6.159441e-06,8686.3,,
1807,0.498120,6.147682e-06,8686.4,,
1808,0.488902,6.135981e-06,8686.4,,
1809,0.451496,6.124338e-06,8686.5,,
1810,0.467127,6.112754e-06,8686.6,,
1811,0.493996,6.101228e-06,8686.5,,
1812,0.491429,6.089761e-06,8686.6,,
1813,0.458916,6.078353e-06,8686.7,,
1814,0.487649,6.067003e-06,8686.7,,
1815,0.526282,6.055711e-06,8686.8,,
1816,0.493262,6.044478e-06,8686.9,,
1817,0.514747,6.033304e-06,8686.8,,
1818,0.535287,6.022189e-06,8686.9,,
1819,0.500749,6.011132e-06,8686.9,,
1820,0.514114,6.000134e-06,8687.0,,
1821,0.597197,5.989195e-06,8687.1,,
1822,0.509588,5.978315e-06,8687.1,,
1823,0.501691,5.967493e-06,8687.1,,
1824,0.482320,5.956730e-06,8687.1,,
1825,0.443554,5.946027e-06,8687.2,,
1826,0.468950,5.935382e-06,8687.3,,
1827,0.508344,5.924796e-06,8687.4,,
1828,0.502538,5.914269e-06,8687.4,,
1829,0.470770,5.903801e-06,8687.4,,
1830,0.492207,5.893392e-06,8687.5,,
1831,0.458703,5.883042e-06,8687.5,,
1832,0.494357,5.872752e-06,8687.6,,
1833,0.504297,5.862520e-06,8687.7,,
1834,0.470881,5.852348e-06,8687.7,,
1835,0.468926,5.842234e-06,8687.6,,
1836,0.500614,5.832180e-06,8687.6,,
1837,0.433018,5.822186e-06,8687.7,,
1838,0.473247,5.812250e-06,8687.8,,
1839,0.546422,5.802374e-06,8687.9,,
1840,0.479550,5.792557e-06,8687.9,,
1841,0.477224,5.782800e-06,8687.9,,
1842,0.494190,5.773101e-06,8687.9,,
1843,0.487456,5.763463e-06,8688.0,,
1844,0.503163,5.753883e-06,8688.1,,
1845,0.551851,5.744363e-06,8688.1,,
1846,0.521613,5.734903e-06,8688.2,,
1847,0.479847,5.725502e-06,8688.1,,
1848,0.493592,5.716161e-06,8688.2,,
1849,0.487127,5.706879e-06,8688.3,,
1850,0.504310,5.697657e-06,8688.3,,
1851,0.511478,5.688494e-06,8688.4,,
1852,0.541272,5.679391e-06,8688.3,,
1853,0.515693,5.670348e-06,8688.4,,
1854,0.495047,5.661364e-06,8688.4,,
1855,0.503595,5.652440e-06,8688.5,,
1856,0.486968,5.643576e-06,8688.6,,
1857,0.437220,5.634771e-06,8688.6,,
1858,0.478416,5.626027e-06,8688.7,,
1859,0.486709,5.617342e-06,8688.6,,
1860,0.509993,5.608717e-06,8688.7,,
1861,0.491237,5.600152e-06,8688.8,,
1862,0.470192,5.591646e-06,8688.8,,
1863,0.453209,5.583201e-06,8688.9,,
1864,0.518796,5.574815e-06,8688.9,,
1865,0.541570,5.566490e-06,8688.9,,
1866,0.518572,5.558224e-06,8689.0,,
1867,0.460019,5.550018e-06,8689.0,,
1868,0.451269,5.541873e-06,8689.1,,
1869,0.487543,5.533787e-06,8689.2,,
1870,0.493844,5.525762e-06,8689.1,,
1871,0.491770,5.517796e-06,8689.2,,
1872,0.495229,5.509891e-06,8689.3,,
1873,0.591430,5.502046e-06,8689.3,,
1874,0.490768,5.494261e-06,8689.4,,
1875,0.494834,5.486536e-06,8689.5,,
1876,0.511088,5.478871e-06,8689.5,,
1877,0.506490,5.471266e-06,8689.4,,
1878,0.500100,5.463722e-06,8689.5,,
1879,0.487850,5.456238e-06,8689.6,,
1880,0.495222,5.448814e-06,8689.6,,
1881,0.458396,5.441451e-06,8689.7,,
1882,0.499013,5.434148e-06,8689.8,,
1883,0.503169,5.426905e-06,8689.7,,
1884,0.515851,5.419722e-06,8689.8,,
1885,0.483908,5.412600e-06,8689.8,,
1886,0.524403,5.405538e-06,8689.9,,
1887,0.441983,5.398537e-06,8690.0,,
1888,0.491055,5.391596e-06,8689.9,,
1889,0.413741,5.384715e-06,8690.0,,
1890,0.493990,5.377895e-06,8690.0,,
1891,0.506347,5.371136e-06,8690.1,,
1892,0.503598,5.364437e-06,8690.1,,
1893,0.464563,5.357798e-06,8690.2,,
1894,0.510532,5.351220e-06,8690.3,,
1895,0.459465,5.344703e-06,8690.2,,
1896,0.488642,5.338246e-06,8690.3,,
1897,0.466611,5.331850e-06,8690.3,,
1898,0.481946,5.325514e-06,8690.4,,
1899,0.471465,5.319239e-06,8690.5,,
1900,0.505427,5.313024e-06,8690.5,17.864,0.3487
1901,0.465998,5.306871e-06,8688.1,,
1902,0.468896,5.300778e-06,8688.1,,
1903,0.534424,5.294745e-06,8688.2,,
1904,0.471789,5.288774e-06,8688.3,,
1905,0.483418,5.282863e-06,8688.3,,
1906,0.546018,5.277012e-06,8688.3,,
1907,0.508411,5.271223e-06,8688.3,,
1908,0.540780,5.265494e-06,8688.4,,
1909,0.488996,5.259826e-06,8688.5,,
1910,0.484051,5.254219e-06,8688.5,,
1911,0.504376,5.248673e-06,8688.6,,
1912,0.497569,5.243187e-06,8688.7,,
1913,0.494830,5.237763e-06,8688.6,,
1914,0.551448,5.232399e-06,8688.6,,
1915,0.509298,5.227096e-06,8688.7,,
1916,0.488155,5.221854e-06,8688.7,,
1917,0.483782,5.216673e-06,8688.8,,
1918,0.481272,5.211553e-06,8688.9,,
1919,0.469116,5.206494e-06,8688.8,,
1920,0.532471,5.201496e-06,8688.9,,
1921,0.374046,5.196558e-06,8689.0,,
1922,0.547500,5.191682e-06,8689.0,,
1923,0.525392,5.186867e-06,8689.1,,
1924,0.500871,5.182113e-06,8689.0,,
1925,0.513950,5.177419e-06,8689.1,,
1926,0.510733,5.172787e-06,8689.2,,
1927,0.490384,5.168216e-06,8689.2,,
1928,0.474438,5.163706e-06,8689.3,,
1929,0.467094,5.159256e-06,8689.3,,
1930,0.433634,5.154868e-06,8689.4,,
1931,0.525019,5.150542e-06,8689.3,,
1932,0.491969,5.146276e-06,8689.4,,
1933,0.484054,5.142071e-06,8689.5,,
1934,0.466997,5.137927e-06,8689.5,,
1935,0.476300,5.133845e-06,8689.6,,
1936,0.501208,5.129824e-06,8689.6,,
1937,0.448188,5.125863e-06,8689.6,,
1938,0.458768,5.121964e-06,8689.7,,
1939,0.447317,5.118127e-06,8689.7,,
1940,0.513980,5.114350e-06,8689.8,,
1941,0.478474,5.110635e-06,8689.9,,
1942,0.465281,5.106981e-06,8689.8,,
1943,0.490159,5.103388e-06,8689.9,,
1944,0.514672,5.099856e-06,8689.9,,
1945,0.524103,5.096385e-06,8689.9,,
1946,0.503363,5.092976e-06,8690.0,,
1947,0.468478,5.089628e-06,8690.1,,
1948,0.467101,5.086341e-06,8690.2,,
1949,0.497916,5.083116e-06,8690.1,,
1950,0.542005,5.079952e-06,8690.2,,
1951,0.557597,5.076849e-06,8690.2,,
1952,0.529343,5.073807e-06,8690.3,,
1953,0.498543,5.070827e-06,8690.3,,
1954,0.488926,5.067908e-06,8690.4,,
1955,0.496932,5.065051e-06,8690.3,,
1956,0.551820,5.062254e-06,8690.4,,
1957,0.505792,5.059519e-06,8690.5,,
1958,0.491639,5.056846e-06,8690.5,,
1959,0.479454,5.054234e-06,8690.6,,
1960,0.469207,5.051683e-06,8690.5,,
1961,0.495112,5.049193e-06,8690.6,,
1962,0.469365,5.046765e-06,8690.7,,
1963,0.469921,5.044399e-06,8690.7,,
1964,0.570033,5.042093e-06,8690.8,,
1965,0.530753,5.039849e-06,8690.7,,
1966,0.479465,5.037667e-06,8690.8,,
1967,0.472345,5.035546e-06,8690.8,,
1968,0.476411,5.033486e-06,8690.9,,
1969,0.485763,5.031488e-06,8691.0,,
1970,0.474622,5.029551e-06,8691.0,,
1971,0.505880,5.027676e-06,8691.1,,
1972,0.493964,5.025862e-06,8691.0,,
1973,0.498378,5.024109e-06,8691.1,,
1974,0.509939,5.022418e-06,8691.2,,
1975,0.502570,5.020789e-06,8691.2,,
1976,0.504029,5.019220e-06,8691.3,,
1977,0.501334,5.017714e-06,8691.3,,
1978,0.457851,5.016269e-06,8691.3,,
1979,0.488840,5.014885e-06,8691.3,,
1980,0.461865,5.013563e-06,8691.4,,
1981,0.467439,5.012302e-06,8691.5,,
1982,0.479886,5.011102e-06,8691.5,,
1983,0.478148,5.009965e-06,8691.6,,
1984,0.542528,5.008888e-06,8691.5,,
1985,0.475883,5.007873e-06,8691.6,,
1986,0.489133,5.006920e-06,8691.6,,
1987,0.478143,5.006028e-06,8691.7,,
1988,0.521178,5.005198e-06,8691.8,,
1989,0.533885,5.004429e-06,8691.7,,
1990,0.524379,5.003722e-06,8691.8,,
1991,0.541851,5.003076e-06,8691.8,,
1992,0.565823,5.002491e-06,8691.9,,
1993,0.436515,5.001968e-06,8691.9,,
1994,0.504811,5.001507e-06,8692.0,,
1995,0.483159,5.001107e-06,8691.9,,
1996,0.499954,5.000769e-06,8692.0,,
1997,0.518605,5.000492e-06,8692.0,,
1998,0.574457,5.000277e-06,8692.1,,
1999,0.507499,5.000123e-06,8692.2,,
2000,0.439463,5.000031e-06,8692.2,17.822,0.3458
